AGE_AT_DEATH_OR_END_OF_FOLLOWUP,Frequency,batch,Frequency,n_var,Frequency,chip,Frequency,IS_AFFY,Frequency,IS_FINNGEN1_CHIP,Frequency,IS_FINNGEN2_CHIP,Frequency,IS_AFFY_V2,Frequency,IS_AFFY_V2P2,Frequency,IS_AFFY_V3,Frequency,AGE_AT_DEATH_OR_END_OF_FOLLOWUP2,Frequency,BATCH_AxiomGT1_b01_V4,Frequency,BATCH_AxiomGT1_b02_V4,Frequency,BATCH_AxiomGT1_b03_V4,Frequency,BATCH_AxiomGT1_b04_V4,Frequency,BATCH_AxiomGT1_b05_V4,Frequency,BATCH_AxiomGT1_b06_V4,Frequency,BATCH_AxiomGT1_b07_V4,Frequency,BATCH_AxiomGT1_b08_V4,Frequency,BATCH_AxiomGT1_b09_V4,Frequency,BATCH_AxiomGT1_b10_V4,Frequency,BATCH_AxiomGT1_b11_V4,Frequency,BATCH_AxiomGT1_b12_V4,Frequency,BATCH_AxiomGT1_b13_V4,Frequency,BATCH_AxiomGT1_b14_V4,Frequency,BATCH_AxiomGT1_b15_V4,Frequency,BATCH_AxiomGT1_b16_V4,Frequency,BATCH_AxiomGT1_b17_V4,Frequency,BATCH_AxiomGT1_b18_V4,Frequency,BATCH_AxiomGT1_b19_V4,Frequency,BATCH_AxiomGT1_b20_V4,Frequency,BATCH_AxiomGT1_b21_V4,Frequency,BATCH_AxiomGT1_b22_V4,Frequency,BATCH_AxiomGT1_b23_V4,Frequency,BATCH_AxiomGT1_b24_V4,Frequency,BATCH_AxiomGT1_b25_V4,Frequency,BATCH_AxiomGT1_b26_V2P2,Frequency,BATCH_AxiomGT1_b27_V2P2,Frequency,BATCH_AxiomGT1_b28_V2P2,Frequency,BATCH_AxiomGT1_b29_V2P2,Frequency,BATCH_AxiomGT1_b30_V2P2,Frequency,BATCH_AxiomGT1_b31_V2,Frequency,BATCH_AxiomGT1_b3234_V2,Frequency,BATCH_AxiomGT1_b33_V2,Frequency,BATCH_AxiomGT1_b35_V2,Frequency,BATCH_AxiomGT1_b36_V2,Frequency,BATCH_AxiomGT1_b37_V2,Frequency,BATCH_AxiomGT1_b38_V2,Frequency,BATCH_AxiomGT1_b39_V2,Frequency,BATCH_AxiomGT1_b40_V2,Frequency,BATCH_AxiomGT1_b41_V2,Frequency,BATCH_AxiomGT1_b42_V2,Frequency,BATCH_AxiomGT1_b43_V2,Frequency,BATCH_AxiomGT1_b44_V2,Frequency,BATCH_AxiomGT1_b45_V2,Frequency,BATCH_AxiomGT1_b46_V2,Frequency,BATCH_AxiomGT1_b47_V2,Frequency,BATCH_AxiomGT1_b48_V2,Frequency,BATCH_AxiomGT1_b49_V2,Frequency,BATCH_AxiomGT1_b50_V2,Frequency,BATCH_AxiomGT1_b51_V2,Frequency,BATCH_AxiomGT1_b52_V2,Frequency,BATCH_AxiomGT1_b53_V3,Frequency,BATCH_AxiomGT1_b54_V3,Frequency,BATCH_AxiomGT1_b55_V3,Frequency,BATCH_AxiomGT1_b56_V3,Frequency,BATCH_AxiomGT1_b57_V3,Frequency,BATCH_AxiomGT1_b58_V3,Frequency,BATCH_AxiomGT1_b59_V3,Frequency,BATCH_AxiomGT1_b60_V3,Frequency,BATCH_AxiomGT1_b61_V3,Frequency,BATCH_AxiomGT1_b62_V3,Frequency,BATCH_AxiomGT1_b63_V3,Frequency,BATCH_AxiomGT1_b64_V3,Frequency,BATCH_AxiomGT1_b65_V5,Frequency,BATCH_AxiomGT1_b66_V5,Frequency,BATCH_AxiomGT1_b67_V5,Frequency,BATCH_AxiomGT1_b68_V5,Frequency,BATCH_AxiomGT1_b69_V5,Frequency,BATCH_AxiomGT1_b70_V5,Frequency,BATCH_AxiomGT1_b71_V5,Frequency,BATCH_AxiomGT1_b72_V5,Frequency,BATCH_AxiomGT1_b73_V5,Frequency,BATCH_AxiomGT1_b74_V5,Frequency,BATCH_AxiomGT1_b75_V5,Frequency,BATCH_AxiomGT1_b76_V5,Frequency,BATCH_AxiomGT1_b77_V5,Frequency,BATCH_AxiomGT1_b78_V5,Frequency,BATCH_AxiomGT1_b79_V5,Frequency,BATCH_AxiomGT1_b80_V5,Frequency,BATCH_AxiomGT1_b81_V5,Frequency,BATCH_DS1_BOTNIA_Dgi_norm,Frequency,BATCH_DS10_FINRISK_Palotie_norm,Frequency,BATCH_DS11_FINRISK_PredictCVD_COROGENE_Tarto_norm,Frequency,BATCH_DS12_FINRISK_Summit_norm,Frequency,BATCH_DS13_FINRISK_Bf_norm,Frequency,BATCH_DS14_GENERISK_norm,Frequency,BATCH_DS15_H2000_Broad_norm,Frequency,BATCH_DS16_H2000_Fimm_norm,Frequency,BATCH_DS17_H2000_Genmets_norm,Frequency,BATCH_DS18_MIGRAINE_1_norm,Frequency,BATCH_DS19_MIGRAINE_2_norm,Frequency,BATCH_DS2_BOTNIA_T2dgo_norm,Frequency,BATCH_DS20_SUPER_1_norm,Frequency,BATCH_DS21_SUPER_2_norm,Frequency,BATCH_DS22_TWINS_1_norm,Frequency,BATCH_DS23_TWINS_2_norm,Frequency,BATCH_DS24_SUPER_3_norm,Frequency,BATCH_DS25_BOTNIA_Regeneron_norm,Frequency,BATCH_DS26_DIREVA_norm,Frequency,BATCH_DS3_COROGENE_Sanger_norm,Frequency,BATCH_DS4_FINRISK_Corogene_norm,Frequency,BATCH_DS5_FINRISK_Engage_norm,Frequency,BATCH_DS6_FINRISK_FR02_Broad_norm,Frequency,BATCH_DS7_FINRISK_FR12_norm,Frequency,BATCH_DS8_FINRISK_Finpcga_norm,Frequency,BATCH_DS9_FINRISK_Mrpred_norm,Frequency,BL_YEAR,Frequency,BL_AGE,Frequency,SEX,Frequency,HEIGHT,Frequency,HEIGHT_IRN,Frequency,HEIGHT_AGE,Frequency,WEIGHT,Frequency,WEIGHT_IRN,Frequency,WEIGHT_AGE,Frequency,SMOKE2,Frequency,SMOKE3,Frequency,SMOKE5,Frequency,SMOKE_AGE,Frequency,regionofbirth,Frequency,regionofbirthname,Frequency,movedabroad,Frequency,NUMBER_OF_OFFSPRING,Frequency,BMI,Frequency,BMI_IRN,Frequency,cohort,Frequency,SEX_IMPUTED,Frequency,SEXAGE,Frequency,PC1,Frequency,PC2,Frequency,PC3,Frequency,PC4,Frequency,PC5,Frequency,PC6,Frequency,PC7,Frequency,PC8,Frequency,PC9,Frequency,PC10,Frequency,PC11,Frequency,PC12,Frequency,PC13,Frequency,PC14,Frequency,PC15,Frequency,PC16,Frequency,PC17,Frequency,PC18,Frequency,PC19,Frequency,PC20,Frequency,DEATH,Frequency,DEATH_AGE,Frequency
76.07,61,DS8_FINRISK_Finpcga_norm,1852,632709,27396,Axiom_FinnGen1.r2,29632,1,80031,0,70368,1,50399,0,78757,0,94989,0,88032,5786.6449,61,0,98939,0,98912,0,98888,0,98876,0,99009,0,98899,0,99066,0,98913,0,98885,0,98990,0,98894,0,99574,0,99050,0,99031,0,99018,0,99019,0,99027,0,99121,0,99069,0,99047,0,99054,0,99023,0,99021,0,99064,0,98990,0,99064,0,98951,0,99004,0,98975,0,98995,0,98951,0,98936,0,99023,0,98980,0,99005,0,98961,0,99004,0,98992,0,99007,0,98942,0,99050,0,98981,0,99024,0,98983,0,98906,0,98962,0,98999,0,99024,0,99000,0,98989,0,99038,0,99020,0,98983,0,98946,0,99098,0,99048,0,99050,0,98951,0,98982,0,98937,0,98977,0,98976,0,99064,0,99010,0,98970,0,99038,0,98986,0,98961,0,98964,0,98935,0,98992,0,99010,0,98944,0,99019,0,98967,0,98984,0,98985,0,98932,0,98990,0,99125,0,99960,0,99135,0,99478,0,99816,0,99773,0,98238,0,98836,0,99767,0,99479,0,98414,0,99432,0,99874,0,98875,0,99445,0,99436,0,99146,0,99502,0,98418,0,99116,0,99418,0,99547,0,98661,0,99626,0,99184,0,98148,0,99307,2019,20030,50.0,95,female,55659,,28907,,28907,,73932,,27836,,27836,,74100,no,44591,,41173,,87481,,83099,1.0,19181,Uusimaa,19181,,99710,2.0,34121,,29377,,29377,HELSINKI-BIOBANK,22834,1,55659,List truncated...,,List truncated...,,List truncated...,,List truncated...,,List truncated...,,List truncated...,,List truncated...,,List truncated...,,List truncated...,,List truncated...,,List truncated...,,List truncated...,,List truncated...,,List truncated...,,List truncated...,,List truncated...,,List truncated...,,List truncated...,,List truncated...,,List truncated...,,List truncated...,,0,89205,76.07,61
List truncated...,,DS14_GENERISK_norm,1762,636403,7152,Axiom_FinnGen2.r1_3,21243,0,19969,1,29632,0,49601,1,21243,1,5011,1,11968,List truncated...,,1,1061,1,1088,1,1112,1,1124,1,991,1,1101,1,934,1,1087,1,1115,1,1010,1,1106,1,426,1,950,1,969,1,982,1,981,1,973,1,879,1,931,1,953,1,946,1,977,1,979,1,936,1,1010,1,936,1,1049,1,996,1,1025,1,1005,1,1049,1,1064,1,977,1,1020,1,995,1,1039,1,996,1,1008,1,993,1,1058,1,950,1,1019,1,976,1,1017,1,1094,1,1038,1,1001,1,976,1,1000,1,1011,1,962,1,980,1,1017,1,1054,1,902,1,952,1,950,1,1049,1,1018,1,1063,1,1023,1,1024,1,936,1,990,1,1030,1,962,1,1014,1,1039,1,1036,1,1065,1,1008,1,990,1,1056,1,981,1,1033,1,1016,1,1015,1,1068,1,1010,1,875,List truncated...,,1,865,1,522,1,184,1,227,1,1762,1,1164,1,233,1,521,1,1586,1,568,1,126,1,1125,1,555,1,564,1,854,1,498,1,1582,1,884,1,582,1,453,1,1339,1,374,1,816,1,1852,1,693,2018,15564,51.0,85,male,44341,170.0,3866,0.00886893096754785,3866,List truncated...,,80.0,2510,0.127713202302207,2510,List truncated...,,,38536,never,28807,never,6791,List truncated...,,2.0,10947,Varsinais-Suomi,10947,1.0,290,0.0,23461,24.2214532871972,186,-0.557667643890474,186,AURIA-BIOBANK,11669,0,44341,,,,,,,,,,,,,,,,,,,,,,,,,,,,,,,,,,,,,,,,,,,1,10795,List truncated...,
,,DS18_MIGRAINE_1_norm,1586,637117,7095,Axiom_FinnGen2.r2,10988,,,,,,,,,,,,,,,,,,,,,,,,,,,,,,,,,,,,,,,,,,,,,,,,,,,,,,,,,,,,,,,,,,,,,,,,,,,,,,,,,,,,,,,,,,,,,,,,,,,,,,,,,,,,,,,,,,,,,,,,,,,,,,,,,,,,,,,,,,,,,,,,,,,,,,,,,,,,,,,,,,,,,,,,,,,,,,,,,,,,,,,,,,,,,,,,,,,,,,,,,,,,,,,,,,,,,,,,,,,,,,,,,,,2020,14559,41.0,82,,,168.0,3446,-0.19670249505303,3446,,,70.0,2430,-0.495591167345101,2430,,,yes,16873,current,16411,former,2796,,,6.0,8629,Pirkanmaa,8629,,,3.0,17182,25.7116620752984,155,-0.199770478140317,155,BLOOD-SERVICE-BIOBANK,11329,,,,,,,,,,,,,,,,,,,,,,,,,,,,,,,,,,,,,,,,,,,,,,,,
,,DS25_BOTNIA_Regeneron_norm,1582,637114,5082,Axiom_FinnGen2.r4,9044,,,,,,,,,,,,,,,,,,,,,,,,,,,,,,,,,,,,,,,,,,,,,,,,,,,,,,,,,,,,,,,,,,,,,,,,,,,,,,,,,,,,,,,,,,,,,,,,,,,,,,,,,,,,,,,,,,,,,,,,,,,,,,,,,,,,,,,,,,,,,,,,,,,,,,,,,,,,,,,,,,,,,,,,,,,,,,,,,,,,,,,,,,,,,,,,,,,,,,,,,,,,,,,,,,,,,,,,,,,,,,,,,,,2017,10878,49.0,80,,,165.0,3100,-0.494734248763353,3100,,,75.0,2196,-0.172176298826247,2196,,,,,former,13609,current,2267,,,11.0,7526,Pohjois-Savo,7526,,,1.0,16837,25.9515570934256,146,-0.14662356672393,146,TAMPERE-BIOBANK,7682,,,,,,,,,,,,,,,,,,,,,,,,,,,,,,,,,,,,,,,,,,,,,,,,
,,DS5_FINRISK_Engage_norm,1339,637111,5003,Axiom_FinnGen2.r3,8144,,,,,,,,,,,,,,,,,,,,,,,,,,,,,,,,,,,,,,,,,,,,,,,,,,,,,,,,,,,,,,,,,,,,,,,,,,,,,,,,,,,,,,,,,,,,,,,,,,,,,,,,,,,,,,,,,,,,,,,,,,,,,,,,,,,,,,,,,,,,,,,,,,,,,,,,,,,,,,,,,,,,,,,,,,,,,,,,,,,,,,,,,,,,,,,,,,,,,,,,,,,,,,,,,,,,,,,,,,,,,,,,,,,2021,5466,42.0,80,,,160.0,3014,-1.08917642600648,3014,,,78.0,2007,0.00424880084180088,2007,,,,,,,occasional,508,,,17.0,7363,North-Ostrobothnia,7363,,,4.0,5401,23.4375,145,-0.765410142892296,145,BIOBANK-OF-EASTERN-FINLAND,4412,,,,,,,,,,,,,,,,,,,,,,,,,,,,,,,,,,,,,,,,,,,,,,,,
,,DS15_H2000_Broad_norm,1164,637120,3023,GSAMD_24v1_0_20011747_A1,2552,,,,,,,,,,,,,,,,,,,,,,,,,,,,,,,,,,,,,,,,,,,,,,,,,,,,,,,,,,,,,,,,,,,,,,,,,,,,,,,,,,,,,,,,,,,,,,,,,,,,,,,,,,,,,,,,,,,,,,,,,,,,,,,,,,,,,,,,,,,,,,,,,,,,,,,,,,,,,,,,,,,,,,,,,,,,,,,,,,,,,,,,,,,,,,,,,,,,,,,,,,,,,,,,,,,,,,,,,,,,,,,,,,,1992,4723,52.0,79,,,172.0,2964,0.203331030801319,2964,,,72.0,1972,-0.365339863830535,1972,,,,,,,quitter,157,,,13.0,5626,Central-Finland,5626,,,5.0,1612,26.9896193771626,143,0.0777032560212124,143,THL-BIOBANK-ATBC,4285,,,,,,,,,,,,,,,,,,,,,,,,,,,,,,,,,,,,,,,,,,,,,,,,
,,DS20_SUPER_1_norm,1125,637116,2938,HumanCoreExome_12v1_0_A,1907,,,,,,,,,,,,,,,,,,,,,,,,,,,,,,,,,,,,,,,,,,,,,,,,,,,,,,,,,,,,,,,,,,,,,,,,,,,,,,,,,,,,,,,,,,,,,,,,,,,,,,,,,,,,,,,,,,,,,,,,,,,,,,,,,,,,,,,,,,,,,,,,,,,,,,,,,,,,,,,,,,,,,,,,,,,,,,,,,,,,,,,,,,,,,,,,,,,,,,,,,,,,,,,,,,,,,,,,,,,,,,,,,,,2016,3201,47.0,77,,,164.0,2775,-0.615439379055209,2775,,,90.0,1943,0.690225608679883,1943,,,,,,,,,,,12.0,4754,North-Karelia,4754,,,6.0,601,23.5294117647059,140,0.213038754572863,140,TERVEYSTALO-BIOBANK,3502,,,,,,,,,,,,,,,,,,,,,,,,,,,,,,,,,,,,,,,,,,,,,,,,
,,AxiomGT1_b04_V4,1124,687928,2552,Illumina_HumanCoreExome_12v1.1a,1852,,,,,,,,,,,,,,,,,,,,,,,,,,,,,,,,,,,,,,,,,,,,,,,,,,,,,,,,,,,,,,,,,,,,,,,,,,,,,,,,,,,,,,,,,,,,,,,,,,,,,,,,,,,,,,,,,,,,,,,,,,,,,,,,,,,,,,,,,,,,,,,,,,,,,,,,,,,,,,,,,,,,,,,,,,,,,,,,,,,,,,,,,,,,,,,,,,,,,,,,,,,,,,,,,,,,,,,,,,,,,,,,,,,1997,2659,55.0,74,,,175.0,2736,0.496315561886211,2736,,,85.0,1897,0.421398779819628,1897,,,,,,,,,,,4.0,4541,Satakunta,4541,,,7.0,219,27.681660899654,140,-0.739798800519742,140,BOREALIS-BIOBANK,3436,,,,,,,,,,,,,,,,,,,,,,,,,,,,,,,,,,,,,,,,,,,,,,,,
,,AxiomGT1_b09_V4,1115,632612,2236,lllumina_HumanCoreExome_24v1_0_A,1762,,,,,,,,,,,,,,,,,,,,,,,,,,,,,,,,,,,,,,,,,,,,,,,,,,,,,,,,,,,,,,,,,,,,,,,,,,,,,,,,,,,,,,,,,,,,,,,,,,,,,,,,,,,,,,,,,,,,,,,,,,,,,,,,,,,,,,,,,,,,,,,,,,,,,,,,,,,,,,,,,,,,,,,,,,,,,,,,,,,,,,,,,,,,,,,,,,,,,,,,,,,,,,,,,,,,,,,,,,,,,,,,,,,2007,2549,46.0,73,,,180.0,2680,1.00437638282914,2680,,,82.0,1811,0.246046613918759,1811,,,,,,,,,,,15.0,4174,Ostrobothnia,4174,,,,190,26.1224489795918,138,-0.109457549905224,138,THL-BIOBANK-TWINS,2943,,,,,,,,,,,,,,,,,,,,,,,,,,,,,,,,,,,,,,,,,,,,,,,,
,,AxiomGT1_b03_V4,1112,636402,2080,PsychChip_15048346_B_24,1586,,,,,,,,,,,,,,,,,,,,,,,,,,,,,,,,,,,,,,,,,,,,,,,,,,,,,,,,,,,,,,,,,,,,,,,,,,,,,,,,,,,,,,,,,,,,,,,,,,,,,,,,,,,,,,,,,,,,,,,,,,,,,,,,,,,,,,,,,,,,,,,,,,,,,,,,,,,,,,,,,,,,,,,,,,,,,,,,,,,,,,,,,,,,,,,,,,,,,,,,,,,,,,,,,,,,,,,,,,,,,,,,,,,2002,2137,53.0,70,,,178.0,2663,0.792253975091859,2663,,,68.0,1746,-0.631741134761085,1746,,,,,,,,,,,14.0,3644,South-Ostrobothnia,3644,,,8.0,103,25.0,137,-0.367102913966931,137,THL-BIOBANK-BOTNIA,2914,,,,,,,,,,,,,,,,,,,,,,,,,,,,,,,,,,,,,,,,,,,,,,,,
,,AxiomGT1_b11_V4,1106,637113,2040,GSA-24v1-0_A1,1582,,,,,,,,,,,,,,,,,,,,,,,,,,,,,,,,,,,,,,,,,,,,,,,,,,,,,,,,,,,,,,,,,,,,,,,,,,,,,,,,,,,,,,,,,,,,,,,,,,,,,,,,,,,,,,,,,,,,,,,,,,,,,,,,,,,,,,,,,,,,,,,,,,,,,,,,,,,,,,,,,,,,,,,,,,,,,,,,,,,,,,,,,,,,,,,,,,,,,,,,,,,,,,,,,,,,,,,,,,,,,,,,,,,2012,2010,45.0,69,,,162.0,2636,-0.853618617963254,2636,,,74.0,1715,-0.241052818833143,1715,,,,,,,,,,,8.0,3534,Kymenlaakso,3534,,,9.0,75,23.8751147842057,136,-0.386548257735597,136,BIOBANK-OF-CENTRAL-FINLAND,2777,,,,,,,,,,,,,,,,,,,,,,,,,,,,,,,,,,,,,,,,,,,,,,,,
,,AxiomGT1_b06_V4,1101,636409,2020,Broad_GWAS_supplemental_15061359_A1,1164,,,,,,,,,,,,,,,,,,,,,,,,,,,,,,,,,,,,,,,,,,,,,,,,,,,,,,,,,,,,,,,,,,,,,,,,,,,,,,,,,,,,,,,,,,,,,,,,,,,,,,,,,,,,,,,,,,,,,,,,,,,,,,,,,,,,,,,,,,,,,,,,,,,,,,,,,,,,,,,,,,,,,,,,,,,,,,,,,,,,,,,,,,,,,,,,,,,,,,,,,,,,,,,,,,,,,,,,,,,,,,,,,,,2011,1372,48.0,66,,,174.0,2579,0.393808026366524,2579,,,65.0,1684,-0.834642951035935,1684,,,,,,,,,,,10.0,3193,Etelä-Savo,3193,,,10.0,57,24.9134948096886,136,-0.653553568734202,136,THL-BIOBANK-T1D,2631,,,,,,,,,,,,,,,,,,,,,,,,,,,,,,,,,,,,,,,,,,,,,,,,
,,AxiomGT1_b46_V2,1094,637110,2013,Axiom_FinnGen2,980,,,,,,,,,,,,,,,,,,,,,,,,,,,,,,,,,,,,,,,,,,,,,,,,,,,,,,,,,,,,,,,,,,,,,,,,,,,,,,,,,,,,,,,,,,,,,,,,,,,,,,,,,,,,,,,,,,,,,,,,,,,,,,,,,,,,,,,,,,,,,,,,,,,,,,,,,,,,,,,,,,,,,,,,,,,,,,,,,,,,,,,,,,,,,,,,,,,,,,,,,,,,,,,,,,,,,,,,,,,,,,,,,,,1999,1343,44.0,64,,,176.0,2429,0.600930531283188,2429,,,76.0,1640,-0.106591707908041,1640,,,,,,,,,,,19.0,3031,Lapland,3031,,,11.0,52,24.8015873015873,135,-0.415923612999122,135,THL-BIOBANK-SUPER,2178,,,,,,,,,,,,,,,,,,,,,,,,,,,,,,,,,,,,,,,,,,,,,,,,
,,AxiomGT1_b02_V4,1088,636410,1976,Human610_Quadv1_B,974,,,,,,,,,,,,,,,,,,,,,,,,,,,,,,,,,,,,,,,,,,,,,,,,,,,,,,,,,,,,,,,,,,,,,,,,,,,,,,,,,,,,,,,,,,,,,,,,,,,,,,,,,,,,,,,,,,,,,,,,,,,,,,,,,,,,,,,,,,,,,,,,,,,,,,,,,,,,,,,,,,,,,,,,,,,,,,,,,,,,,,,,,,,,,,,,,,,,,,,,,,,,,,,,,,,,,,,,,,,,,,,,,,,1993,1335,54.0,64,,,163.0,2428,-0.730966588700647,2428,,,60.0,1599,-1.21958730014779,1599,,,,,,,,,,,7.0,2745,Päijät-Häme,2745,,,List truncated...,,27.7777777777778,132,0.340954360679852,132,THL-BIOBANK-MIGRAINE,2154,,,,,,,,,,,,,,,,,,,,,,,,,,,,,,,,,,,,,,,,,,,,,,,,
,,AxiomGT1_b08_V4,1087,636404,1885,InfiniumCoreExome-24v1-1,884,,,,,,,,,,,,,,,,,,,,,,,,,,,,,,,,,,,,,,,,,,,,,,,,,,,,,,,,,,,,,,,,,,,,,,,,,,,,,,,,,,,,,,,,,,,,,,,,,,,,,,,,,,,,,,,,,,,,,,,,,,,,,,,,,,,,,,,,,,,,,,,,,,,,,,,,,,,,,,,,,,,,,,,,,,,,,,,,,,,,,,,,,,,,,,,,,,,,,,,,,,,,,,,,,,,,,,,,,,,,,,,,,,,2000,1117,43.0,60,,,167.0,2403,-0.303663581898355,2403,,,73.0,1550,-0.300720976513676,1550,,,,,,,,,,,9.0,2626,South-Karelia,2626,,,,,28.3446712018141,132,0.253877204995374,132,THL-BIOBANK-FINRISK-1997,1886,,,,,,,,,,,,,,,,,,,,,,,,,,,,,,,,,,,,,,,,,,,,,,,,
,,AxiomGT1_b79_V5,1068,542396,1852,HumanCoreExome_12v1_1_A,865,,,,,,,,,,,,,,,,,,,,,,,,,,,,,,,,,,,,,,,,,,,,,,,,,,,,,,,,,,,,,,,,,,,,,,,,,,,,,,,,,,,,,,,,,,,,,,,,,,,,,,,,,,,,,,,,,,,,,,,,,,,,,,,,,,,,,,,,,,,,,,,,,,,,,,,,,,,,,,,,,,,,,,,,,,,,,,,,,,,,,,,,,,,,,,,,,,,,,,,,,,,,,,,,,,,,,,,,,,,,,,,,,,,2001,1035,40.0,59,,,173.0,2399,0.30086290735288,2399,,,84.0,1515,0.357842447963241,1515,,,,,,,,,,,5.0,2386,Kanta-Häme,2386,,,,,25.5102040816327,131,-0.246646675870131,131,THL-BIOBANK-FINRISK-2002,1840,,,,,,,,,,,,,,,,,,,,,,,,,,,,,,,,,,,,,,,,,,,,,,,,
,,AxiomGT1_b71_V5,1065,321568,1762,Illumina_IlluminaCoreExome,854,,,,,,,,,,,,,,,,,,,,,,,,,,,,,,,,,,,,,,,,,,,,,,,,,,,,,,,,,,,,,,,,,,,,,,,,,,,,,,,,,,,,,,,,,,,,,,,,,,,,,,,,,,,,,,,,,,,,,,,,,,,,,,,,,,,,,,,,,,,,,,,,,,,,,,,,,,,,,,,,,,,,,,,,,,,,,,,,,,,,,,,,,,,,,,,,,,,,,,,,,,,,,,,,,,,,,,,,,,,,,,,,,,,1998,902,List truncated...,,,,166.0,2234,-0.390524528056665,2234,,,64.0,1441,-0.914239636705623,1441,,,,,,,,,,,9999.0,1863,Region_ceded_to_Soviet,1863,,,,,25.3515413737155,131,-0.28454966608949,131,THL-BIOBANK-GENERISK,1762,,,,,,,,,,,,,,,,,,,,,,,,,,,,,,,,,,,,,,,,,,,,,,,,
,,AxiomGT1_b3234_V2,1064,566984,1586,Illumina_HumanCoreExome_24_v1.1,816,,,,,,,,,,,,,,,,,,,,,,,,,,,,,,,,,,,,,,,,,,,,,,,,,,,,,,,,,,,,,,,,,,,,,,,,,,,,,,,,,,,,,,,,,,,,,,,,,,,,,,,,,,,,,,,,,,,,,,,,,,,,,,,,,,,,,,,,,,,,,,,,,,,,,,,,,,,,,,,,,,,,,,,,,,,,,,,,,,,,,,,,,,,,,,,,,,,,,,,,,,,,,,,,,,,,,,,,,,,,,,,,,,,2015,856,,,,,169.0,2068,-0.0977451270275398,2068,,,66.0,1398,-0.761059482648218,1398,,,,,,,,,,,18.0,1797,Kainuu,1797,,,,,29.4117647058824,129,0.559351957661853,129,THL-BIOBANK-HEALTH-2000,1724,,,,,,,,,,,,,,,,,,,,,,,,,,,,,,,,,,,,,,,,,,,,,,,,
,,AxiomGT1_b61_V3,1063,642665,1582,Illumina_HumanCoreExome_24_v1.0,693,,,,,,,,,,,,,,,,,,,,,,,,,,,,,,,,,,,,,,,,,,,,,,,,,,,,,,,,,,,,,,,,,,,,,,,,,,,,,,,,,,,,,,,,,,,,,,,,,,,,,,,,,,,,,,,,,,,,,,,,,,,,,,,,,,,,,,,,,,,,,,,,,,,,,,,,,,,,,,,,,,,,,,,,,,,,,,,,,,,,,,,,,,,,,,,,,,,,,,,,,,,,,,,,,,,,,,,,,,,,,,,,,,,1990,778,,,,,171.0,1984,0.11435522058654,1984,,,83.0,1390,0.303677801515977,1390,,,,,,,,,,,200.0,1167,Abroad,1167,,,,,25.390625,129,-0.275488879750819,129,THL-BIOBANK-FINHEALTH-2017,1544,,,,,,,,,,,,,,,,,,,,,,,,,,,,,,,,,,,,,,,,,,,,,,,,
,,AxiomGT1_b01_V4,1061,535293,1339,Illumina_Human610-Quadv1_B,582,,,,,,,,,,,,,,,,,,,,,,,,,,,,,,,,,,,,,,,,,,,,,,,,,,,,,,,,,,,,,,,,,,,,,,,,,,,,,,,,,,,,,,,,,,,,,,,,,,,,,,,,,,,,,,,,,,,,,,,,,,,,,,,,,,,,,,,,,,,,,,,,,,,,,,,,,,,,,,,,,,,,,,,,,,,,,,,,,,,,,,,,,,,,,,,,,,,,,,,,,,,,,,,,,,,,,,,,,,,,,,,,,,,2006,711,,,,,158.0,1830,-1.34993172018636,1830,,,77.0,1387,-0.0543254836656267,1387,,,,,,,,,,,16.0,1002,Central-Ostrobothnia,1002,,,,,26.0261748958953,126,-0.129583126583125,126,THL-BIOBANK-FINRISK-2007,1407,,,,,,,,,,,,,,,,,,,,,,,,,,,,,,,,,,,,,,,,,,,,,,,,
,,AxiomGT1_b41_V2,1058,245686,1164,Illumina_Human670_Human610,564,,,,,,,,,,,,,,,,,,,,,,,,,,,,,,,,,,,,,,,,,,,,,,,,,,,,,,,,,,,,,,,,,,,,,,,,,,,,,,,,,,,,,,,,,,,,,,,,,,,,,,,,,,,,,,,,,,,,,,,,,,,,,,,,,,,,,,,,,,,,,,,,,,,,,,,,,,,,,,,,,,,,,,,,,,,,,,,,,,,,,,,,,,,,,,,,,,,,,,,,,,,,,,,,,,,,,,,,,,,,,,,,,,,2009,692,,,,,177.0,1768,0.69153295637562,1768,,,67.0,1377,-0.699247535366135,1377,,,,,,,,,,,,190,,190,,,,,24.092970521542,125,-0.594135111141369,125,THL-BIOBANK-FINRISK-1992,1340,,,,,,,,,,,,,,,,,,,,,,,,,,,,,,,,,,,,,,,,,,,,,,,,
,,AxiomGT1_b74_V5,1056,637126,1049,HumanOmniExpress_12v1_A,522,,,,,,,,,,,,,,,,,,,,,,,,,,,,,,,,,,,,,,,,,,,,,,,,,,,,,,,,,,,,,,,,,,,,,,,,,,,,,,,,,,,,,,,,,,,,,,,,,,,,,,,,,,,,,,,,,,,,,,,,,,,,,,,,,,,,,,,,,,,,,,,,,,,,,,,,,,,,,,,,,,,,,,,,,,,,,,,,,,,,,,,,,,,,,,,,,,,,,,,,,,,,,,,,,,,,,,,,,,,,,,,,,,,2008,691,,,,,182.0,1641,1.22498279261361,1641,,,62.0,1366,-1.06501224655791,1366,,,,,,,,,,,21.0,81,Åland,81,,,,,22.4913494809689,123,-1.01911125350164,123,THL-BIOBANK-FINRISK-2012,1315,,,,,,,,,,,,,,,,,,,,,,,,,,,,,,,,,,,,,,,,,,,,,,,,
,,AxiomGT1_b55_V3,1054,636408,1039,Illumina_HumanCoreExome_24v1_1_A,233,,,,,,,,,,,,,,,,,,,,,,,,,,,,,,,,,,,,,,,,,,,,,,,,,,,,,,,,,,,,,,,,,,,,,,,,,,,,,,,,,,,,,,,,,,,,,,,,,,,,,,,,,,,,,,,,,,,,,,,,,,,,,,,,,,,,,,,,,,,,,,,,,,,,,,,,,,,,,,,,,,,,,,,,,,,,,,,,,,,,,,,,,,,,,,,,,,,,,,,,,,,,,,,,,,,,,,,,,,,,,,,,,,,1981,670,,,,,183.0,1359,1.34609075189616,1359,,,86.0,1346,0.483549262088247,1346,,,,,,,,,,,,,,,,,,,29.296875,122,0.51181366943062,122,THL-BIOBANK-COROGENE,1198,,,,,,,,,,,,,,,,,,,,,,,,,,,,,,,,,,,,,,,,,,,,,,,,
,,AxiomGT1_b31_V2,1049,636407,1036,Illumina_HumanCoreExome-24_v1.0,227,,,,,,,,,,,,,,,,,,,,,,,,,,,,,,,,,,,,,,,,,,,,,,,,,,,,,,,,,,,,,,,,,,,,,,,,,,,,,,,,,,,,,,,,,,,,,,,,,,,,,,,,,,,,,,,,,,,,,,,,,,,,,,,,,,,,,,,,,,,,,,,,,,,,,,,,,,,,,,,,,,,,,,,,,,,,,,,,,,,,,,,,,,,,,,,,,,,,,,,,,,,,,,,,,,,,,,,,,,,,,,,,,,,2004,597,,,,,179.0,1314,0.892514309998565,1314,,,79.0,1289,0.0605153257927091,1289,,,,,,,,,,,,,,,,,,,23.6614386154678,122,-0.707828780493434,122,THL-BIOBANK-HHS,912,,,,,,,,,,,,,,,,,,,,,,,,,,,,,,,,,,,,,,,,,,,,,,,,
,,AxiomGT1_b59_V3,1049,554903,1035,HumanOmniExpress_12v1_H,184,,,,,,,,,,,,,,,,,,,,,,,,,,,,,,,,,,,,,,,,,,,,,,,,,,,,,,,,,,,,,,,,,,,,,,,,,,,,,,,,,,,,,,,,,,,,,,,,,,,,,,,,,,,,,,,,,,,,,,,,,,,,,,,,,,,,,,,,,,,,,,,,,,,,,,,,,,,,,,,,,,,,,,,,,,,,,,,,,,,,,,,,,,,,,,,,,,,,,,,,,,,,,,,,,,,,,,,,,,,,,,,,,,,2003,566,,,,,161.0,1295,-0.959351799027963,1295,,,88.0,1247,0.582169237576532,1247,,,,,,,,,,,,,,,,,,,24.4897959183673,120,-0.492182317880959,120,THL-BIOBANK-HEALTH-2011,194,,,,,,,,,,,,,,,,,,,,,,,,,,,,,,,,,,,,,,,,,,,,,,,,
,,AxiomGT1_b27_V2P2,1049,637109,1024,Illumina_HumanOmni2.5_4v1_B_SNV_array,126,,,,,,,,,,,,,,,,,,,,,,,,,,,,,,,,,,,,,,,,,,,,,,,,,,,,,,,,,,,,,,,,,,,,,,,,,,,,,,,,,,,,,,,,,,,,,,,,,,,,,,,,,,,,,,,,,,,,,,,,,,,,,,,,,,,,,,,,,,,,,,,,,,,,,,,,,,,,,,,,,,,,,,,,,,,,,,,,,,,,,,,,,,,,,,,,,,,,,,,,,,,,,,,,,,,,,,,,,,,,,,,,,,,2010,556,,,,,181.0,1205,1.12437879352792,1205,,,63.0,1243,-0.569723436374419,1243,,,,,,,,,,,,,,,,,,,25.2493372048984,119,-0.310749014062696,119,THL-BIOBANK-FinIPF,71,,,,,,,,,,,,,,,,,,,,,,,,,,,,,,,,,,,,,,,,,,,,,,,,
,,AxiomGT1_b37_V2,1039,637118,1019,List truncated...,,,,,,,,,,,,,,,,,,,,,,,,,,,,,,,,,,,,,,,,,,,,,,,,,,,,,,,,,,,,,,,,,,,,,,,,,,,,,,,,,,,,,,,,,,,,,,,,,,,,,,,,,,,,,,,,,,,,,,,,,,,,,,,,,,,,,,,,,,,,,,,,,,,,,,,,,,,,,,,,,,,,,,,,,,,,,,,,,,,,,,,,,,,,,,,,,,,,,,,,,,,,,,,,,,,,,,,,,,,,,,,,,,,,2005,521,,,,,159.0,1122,-1.23150682085781,1122,,,69.0,1243,-0.987480571241735,1243,,,,,,,,,,,,,,,,,,,26.4235698242833,117,-0.0429064282730843,117,THL-BIOBANK-KUUSAMO,61,,,,,,,,,,,,,,,,,,,,,,,,,,,,,,,,,,,,,,,,,,,,,,,,
,,AxiomGT1_b69_V5,1039,637119,996,,,,,,,,,,,,,,,,,,,,,,,,,,,,,,,,,,,,,,,,,,,,,,,,,,,,,,,,,,,,,,,,,,,,,,,,,,,,,,,,,,,,,,,,,,,,,,,,,,,,,,,,,,,,,,,,,,,,,,,,,,,,,,,,,,,,,,,,,,,,,,,,,,,,,,,,,,,,,,,,,,,,,,,,,,,,,,,,,,,,,,,,,,,,,,,,,,,,,,,,,,,,,,,,,,,,,,,,,,,,,,,,,,,,,1980,495,,,,,184.0,1087,1.45783943759318,1087,,,95.0,1184,0.9440706932416,1184,,,,,,,,,,,,,,,,,,,24.6913580246914,116,0.195952489602726,116,,,,,,,,,,,,,,,,,,,,,,,,,,,,,,,,,,,,,,,,,,,,,,,,,,
,,AxiomGT1_b47_V2,1038,637125,977,,,,,,,,,,,,,,,,,,,,,,,,,,,,,,,,,,,,,,,,,,,,,,,,,,,,,,,,,,,,,,,,,,,,,,,,,,,,,,,,,,,,,,,,,,,,,,,,,,,,,,,,,,,,,,,,,,,,,,,,,,,,,,,,,,,,,,,,,,,,,,,,,,,,,,,,,,,,,,,,,,,,,,,,,,,,,,,,,,,,,,,,,,,,,,,,,,,,,,,,,,,,,,,,,,,,,,,,,,,,,,,,,,,,,1996,464,,,,,156.0,1057,-1.60245293620269,1057,,,71.0,1157,-0.424780418770424,1157,,,,,,,,,,,,,,,,,,,26.346494034401,116,-0.440290874112906,116,,,,,,,,,,,,,,,,,,,,,,,,,,,,,,,,,,,,,,,,,,,,,,,,,,
,,AxiomGT1_b70_V5,1036,637112,952,,,,,,,,,,,,,,,,,,,,,,,,,,,,,,,,,,,,,,,,,,,,,,,,,,,,,,,,,,,,,,,,,,,,,,,,,,,,,,,,,,,,,,,,,,,,,,,,,,,,,,,,,,,,,,,,,,,,,,,,,,,,,,,,,,,,,,,,,,,,,,,,,,,,,,,,,,,,,,,,,,,,,,,,,,,,,,,,,,,,,,,,,,,,,,,,,,,,,,,,,,,,,,,,,,,,,,,,,,,,,,,,,,,,,1991,397,,,,,157.0,978,-1.48524068059278,978,,,81.0,1148,0.193732315863972,1148,,,,,,,,,,,,,,,,,,,27.5482093663912,116,-0.0564627950982449,116,,,,,,,,,,,,,,,,,,,,,,,,,,,,,,,,,,,,,,,,,,,,,,,,,,
,,AxiomGT1_b76_V5,1033,545338,884,,,,,,,,,,,,,,,,,,,,,,,,,,,,,,,,,,,,,,,,,,,,,,,,,,,,,,,,,,,,,,,,,,,,,,,,,,,,,,,,,,,,,,,,,,,,,,,,,,,,,,,,,,,,,,,,,,,,,,,,,,,,,,,,,,,,,,,,,,,,,,,,,,,,,,,,,,,,,,,,,,,,,,,,,,,,,,,,,,,,,,,,,,,,,,,,,,,,,,,,,,,,,,,,,,,,,,,,,,,,,,,,,,,,,1995,292,,,,,185.0,944,1.56756483766864,944,,,100.0,1135,1.17818659342356,1135,,,,,,,,,,,,,,,,,,,27.0416441319632,114,0.0858305795450166,114,,,,,,,,,,,,,,,,,,,,,,,,,,,,,,,,,,,,,,,,,,,,,,,,,,
,,AxiomGT1_b66_V5,1030,529324,865,,,,,,,,,,,,,,,,,,,,,,,,,,,,,,,,,,,,,,,,,,,,,,,,,,,,,,,,,,,,,,,,,,,,,,,,,,,,,,,,,,,,,,,,,,,,,,,,,,,,,,,,,,,,,,,,,,,,,,,,,,,,,,,,,,,,,,,,,,,,,,,,,,,,,,,,,,,,,,,,,,,,,,,,,,,,,,,,,,,,,,,,,,,,,,,,,,,,,,,,,,,,,,,,,,,,,,,,,,,,,,,,,,,,,2013,194,,,,,186.0,851,1.68589326287669,851,,,92.0,1123,0.794326085490634,1123,,,,,,,,,,,,,,,,,,,26.5731292517007,113,-0.00615052261394965,113,,,,,,,,,,,,,,,,,,,,,,,,,,,,,,,,,,,,,,,,,,,,,,,,,,
,,AxiomGT1_b29_V2P2,1025,461817,854,,,,,,,,,,,,,,,,,,,,,,,,,,,,,,,,,,,,,,,,,,,,,,,,,,,,,,,,,,,,,,,,,,,,,,,,,,,,,,,,,,,,,,,,,,,,,,,,,,,,,,,,,,,,,,,,,,,,,,,,,,,,,,,,,,,,,,,,,,,,,,,,,,,,,,,,,,,,,,,,,,,,,,,,,,,,,,,,,,,,,,,,,,,,,,,,,,,,,,,,,,,,,,,,,,,,,,,,,,,,,,,,,,,,,1994,156,,,,,155.0,730,-1.72545657008839,730,,,87.0,1084,0.532772120391961,1084,,,,,,,,,,,,,,,,,,,27.34375,112,0.148123227046729,112,,,,,,,,,,,,,,,,,,,,,,,,,,,,,,,,,,,,,,,,,,,,,,,,,,
,,AxiomGT1_b63_V3,1024,540174,816,,,,,,,,,,,,,,,,,,,,,,,,,,,,,,,,,,,,,,,,,,,,,,,,,,,,,,,,,,,,,,,,,,,,,,,,,,,,,,,,,,,,,,,,,,,,,,,,,,,,,,,,,,,,,,,,,,,,,,,,,,,,,,,,,,,,,,,,,,,,,,,,,,,,,,,,,,,,,,,,,,,,,,,,,,,,,,,,,,,,,,,,,,,,,,,,,,,,,,,,,,,,,,,,,,,,,,,,,,,,,,,,,,,,,1989,154,,,,,187.0,637,1.80549003731796,637,,,89.0,962,0.629385607252362,962,,,,,,,,,,,,,,,,,,,25.8805706350208,111,0.234299867499864,111,,,,,,,,,,,,,,,,,,,,,,,,,,,,,,,,,,,,,,,,,,,,,,,,,,
,,AxiomGT1_b62_V3,1023,531827,693,,,,,,,,,,,,,,,,,,,,,,,,,,,,,,,,,,,,,,,,,,,,,,,,,,,,,,,,,,,,,,,,,,,,,,,,,,,,,,,,,,,,,,,,,,,,,,,,,,,,,,,,,,,,,,,,,,,,,,,,,,,,,,,,,,,,,,,,,,,,,,,,,,,,,,,,,,,,,,,,,,,,,,,,,,,,,,,,,,,,,,,,,,,,,,,,,,,,,,,,,,,,,,,,,,,,,,,,,,,,,,,,,,,,,2014,127,,,,,154.0,581,-1.83976475478077,581,,,58.0,944,-1.38874681822344,944,,,,,,,,,,,,,,,,,,,27.7551020408163,111,-0.163892840045345,111,,,,,,,,,,,,,,,,,,,,,,,,,,,,,,,,,,,,,,,,,,,,,,,,,,
,,AxiomGT1_b35_V2,1020,535289,568,,,,,,,,,,,,,,,,,,,,,,,,,,,,,,,,,,,,,,,,,,,,,,,,,,,,,,,,,,,,,,,,,,,,,,,,,,,,,,,,,,,,,,,,,,,,,,,,,,,,,,,,,,,,,,,,,,,,,,,,,,,,,,,,,,,,,,,,,,,,,,,,,,,,,,,,,,,,,,,,,,,,,,,,,,,,,,,,,,,,,,,,,,,,,,,,,,,,,,,,,,,,,,,,,,,,,,,,,,,,,,,,,,,,,1982,116,,,,,188.0,552,1.92398820998637,552,,,94.0,943,0.889429313917059,943,,,,,,,,,,,,,,,,,,,22.6757369614512,110,0.0116654624769207,110,,,,,,,,,,,,,,,,,,,,,,,,,,,,,,,,,,,,,,,,,,,,,,,,,,
,,AxiomGT1_b43_V2,1019,545014,564,,,,,,,,,,,,,,,,,,,,,,,,,,,,,,,,,,,,,,,,,,,,,,,,,,,,,,,,,,,,,,,,,,,,,,,,,,,,,,,,,,,,,,,,,,,,,,,,,,,,,,,,,,,,,,,,,,,,,,,,,,,,,,,,,,,,,,,,,,,,,,,,,,,,,,,,,,,,,,,,,,,,,,,,,,,,,,,,,,,,,,,,,,,,,,,,,,,,,,,,,,,,,,,,,,,,,,,,,,,,,,,,,,,,,List truncated...,,,,,,190.0,473,2.14520309881001,473,,,93.0,923,0.843804688340158,923,,,,,,,,,,,,,,,,,,,25.2595155709343,110,-0.967880363988922,110,,,,,,,,,,,,,,,,,,,,,,,,,,,,,,,,,,,,,,,,,,,,,,,,,,
,,AxiomGT1_b60_V3,1018,733106,522,,,,,,,,,,,,,,,,,,,,,,,,,,,,,,,,,,,,,,,,,,,,,,,,,,,,,,,,,,,,,,,,,,,,,,,,,,,,,,,,,,,,,,,,,,,,,,,,,,,,,,,,,,,,,,,,,,,,,,,,,,,,,,,,,,,,,,,,,,,,,,,,,,,,,,,,,,,,,,,,,,,,,,,,,,,,,,,,,,,,,,,,,,,,,,,,,,,,,,,,,,,,,,,,,,,,,,,,,,,,,,,,,,,,,,,,,,,153.0,418,-1.94430065511509,418,,,61.0,825,-1.13516819257006,825,,,,,,,,,,,,,,,,,,,26.6727632982777,110,-0.306111458834516,110,,,,,,,,,,,,,,,,,,,,,,,,,,,,,,,,,,,,,,,,,,,,,,,,,,
,,AxiomGT1_b54_V3,1017,556334,521,,,,,,,,,,,,,,,,,,,,,,,,,,,,,,,,,,,,,,,,,,,,,,,,,,,,,,,,,,,,,,,,,,,,,,,,,,,,,,,,,,,,,,,,,,,,,,,,,,,,,,,,,,,,,,,,,,,,,,,,,,,,,,,,,,,,,,,,,,,,,,,,,,,,,,,,,,,,,,,,,,,,,,,,,,,,,,,,,,,,,,,,,,,,,,,,,,,,,,,,,,,,,,,,,,,,,,,,,,,,,,,,,,,,,,,,,,,152.0,405,-2.04916406130717,405,,,96.0,810,0.998275981202599,810,,,,,,,,,,,,,,,,,,,27.6360544217687,109,-0.877359162787334,109,,,,,,,,,,,,,,,,,,,,,,,,,,,,,,,,,,,,,,,,,,,,,,,,,,
,,AxiomGT1_b45_V2,1017,538386,233,,,,,,,,,,,,,,,,,,,,,,,,,,,,,,,,,,,,,,,,,,,,,,,,,,,,,,,,,,,,,,,,,,,,,,,,,,,,,,,,,,,,,,,,,,,,,,,,,,,,,,,,,,,,,,,,,,,,,,,,,,,,,,,,,,,,,,,,,,,,,,,,,,,,,,,,,,,,,,,,,,,,,,,,,,,,,,,,,,,,,,,,,,,,,,,,,,,,,,,,,,,,,,,,,,,,,,,,,,,,,,,,,,,,,,,,,,,189.0,312,2.02798044245101,312,,,98.0,804,1.08401417588674,804,,,,,,,,,,,,,,,,,,,23.0300453514739,109,0.205149428863423,109,,,,,,,,,,,,,,,,,,,,,,,,,,,,,,,,,,,,,,,,,,,,,,,,,,
,,AxiomGT1_b77_V5,1016,538781,227,,,,,,,,,,,,,,,,,,,,,,,,,,,,,,,,,,,,,,,,,,,,,,,,,,,,,,,,,,,,,,,,,,,,,,,,,,,,,,,,,,,,,,,,,,,,,,,,,,,,,,,,,,,,,,,,,,,,,,,,,,,,,,,,,,,,,,,,,,,,,,,,,,,,,,,,,,,,,,,,,,,,,,,,,,,,,,,,,,,,,,,,,,,,,,,,,,,,,,,,,,,,,,,,,,,,,,,,,,,,,,,,,,,,,,,,,,,150.0,304,-2.23399195378608,304,,,59.0,779,-1.31081702976559,779,,,,,,,,,,,,,,,,,,,26.8274207802045,109,0.0428922870495526,109,,,,,,,,,,,,,,,,,,,,,,,,,,,,,,,,,,,,,,,,,,,,,,,,,,
,,AxiomGT1_b78_V5,1015,645040,184,,,,,,,,,,,,,,,,,,,,,,,,,,,,,,,,,,,,,,,,,,,,,,,,,,,,,,,,,,,,,,,,,,,,,,,,,,,,,,,,,,,,,,,,,,,,,,,,,,,,,,,,,,,,,,,,,,,,,,,,,,,,,,,,,,,,,,,,,,,,,,,,,,,,,,,,,,,,,,,,,,,,,,,,,,,,,,,,,,,,,,,,,,,,,,,,,,,,,,,,,,,,,,,,,,,,,,,,,,,,,,,,,,,,,,,,,,,191.0,204,2.27946142779479,204,,,57.0,770,-1.47377061451841,770,,,,,,,,,,,,,,,,,,,26.2345679012346,108,-0.0827632953771468,108,,,,,,,,,,,,,,,,,,,,,,,,,,,,,,,,,,,,,,,,,,,,,,,,,,
,,AxiomGT1_b68_V5,1014,2449212,126,,,,,,,,,,,,,,,,,,,,,,,,,,,,,,,,,,,,,,,,,,,,,,,,,,,,,,,,,,,,,,,,,,,,,,,,,,,,,,,,,,,,,,,,,,,,,,,,,,,,,,,,,,,,,,,,,,,,,,,,,,,,,,,,,,,,,,,,,,,,,,,,,,,,,,,,,,,,,,,,,,,,,,,,,,,,,,,,,,,,,,,,,,,,,,,,,,,,,,,,,,,,,,,,,,,,,,,,,,,,,,,,,,,,,,,,,,,192.0,182,2.38750996720263,182,,,91.0,758,0.749847641166,758,,,,,,,,,,,,,,,,,,,25.0593070266297,108,-0.353690040882793,108,,,,,,,,,,,,,,,,,,,,,,,,,,,,,,,,,,,,,,,,,,,,,,,,,,
,,AxiomGT1_b51_V2,1011,List truncated...,,,,,,,,,,,,,,,,,,,,,,,,,,,,,,,,,,,,,,,,,,,,,,,,,,,,,,,,,,,,,,,,,,,,,,,,,,,,,,,,,,,,,,,,,,,,,,,,,,,,,,,,,,,,,,,,,,,,,,,,,,,,,,,,,,,,,,,,,,,,,,,,,,,,,,,,,,,,,,,,,,,,,,,,,,,,,,,,,,,,,,,,,,,,,,,,,,,,,,,,,,,,,,,,,,,,,,,,,,,,,,,,,,,,,,,,,,,,151.0,166,-2.1398632808005,166,,,56.0,750,-1.55447673331204,750,,,,,,,,,,,,,,,,,,,23.7953599048186,107,0.82192008011407,107,,,,,,,,,,,,,,,,,,,,,,,,,,,,,,,,,,,,,,,,,,,,,,,,,,
,,AxiomGT1_b25_V4,1010,,,,,,,,,,,,,,,,,,,,,,,,,,,,,,,,,,,,,,,,,,,,,,,,,,,,,,,,,,,,,,,,,,,,,,,,,,,,,,,,,,,,,,,,,,,,,,,,,,,,,,,,,,,,,,,,,,,,,,,,,,,,,,,,,,,,,,,,,,,,,,,,,,,,,,,,,,,,,,,,,,,,,,,,,,,,,,,,,,,,,,,,,,,,,,,,,,,,,,,,,,,,,,,,,,,,,,,,,,,,,,,,,,,,,,,,,,,,,193.0,145,2.50672056607554,145,,,97.0,657,1.03976575428598,657,,,,,,,,,,,,,,,,,,,31.1418685121107,107,0.856702423121008,106,,,,,,,,,,,,,,,,,,,,,,,,,,,,,,,,,,,,,,,,,,,,,,,,,,
,,AxiomGT1_b10_V4,1010,,,,,,,,,,,,,,,,,,,,,,,,,,,,,,,,,,,,,,,,,,,,,,,,,,,,,,,,,,,,,,,,,,,,,,,,,,,,,,,,,,,,,,,,,,,,,,,,,,,,,,,,,,,,,,,,,,,,,,,,,,,,,,,,,,,,,,,,,,,,,,,,,,,,,,,,,,,,,,,,,,,,,,,,,,,,,,,,,,,,,,,,,,,,,,,,,,,,,,,,,,,,,,,,,,,,,,,,,,,,,,,,,,,,,,,,,,,,,148.0,106,-2.38742910066276,106,,,55.0,652,-1.6431323641077,652,,,,,,,,,,,,,,,,,,,31.25,106,-0.673573631244109,106,,,,,,,,,,,,,,,,,,,,,,,,,,,,,,,,,,,,,,,,,,,,,,,,,,
,,AxiomGT1_b80_V5,1010,,,,,,,,,,,,,,,,,,,,,,,,,,,,,,,,,,,,,,,,,,,,,,,,,,,,,,,,,,,,,,,,,,,,,,,,,,,,,,,,,,,,,,,,,,,,,,,,,,,,,,,,,,,,,,,,,,,,,,,,,,,,,,,,,,,,,,,,,,,,,,,,,,,,,,,,,,,,,,,,,,,,,,,,,,,,,,,,,,,,,,,,,,,,,,,,,,,,,,,,,,,,,,,,,,,,,,,,,,,,,,,,,,,,,,,,,,,,,149.0,105,-2.33310419792785,105,,,110.0,600,1.57735617727835,600,,,,,,,,,,,,,,,,,,,24.9770431588613,105,-1.50601517810326,105,,,,,,,,,,,,,,,,,,,,,,,,,,,,,,,,,,,,,,,,,,,,,,,,,,
,,AxiomGT1_b39_V2,1008,,,,,,,,,,,,,,,,,,,,,,,,,,,,,,,,,,,,,,,,,,,,,,,,,,,,,,,,,,,,,,,,,,,,,,,,,,,,,,,,,,,,,,,,,,,,,,,,,,,,,,,,,,,,,,,,,,,,,,,,,,,,,,,,,,,,,,,,,,,,,,,,,,,,,,,,,,,,,,,,,,,,,,,,,,,,,,,,,,,,,,,,,,,,,,,,,,,,,,,,,,,,,,,,,,,,,,,,,,,,,,,,,,,,,,,,,,,,,194.0,94,2.61898287950327,94,,,105.0,581,1.38258454084828,581,,,,,,,,,,,,,,,,,,,20.7612456747405,105,-0.371963582549263,105,,,,,,,,,,,,,,,,,,,,,,,,,,,,,,,,,,,,,,,,,,,,,,,,,,
,,AxiomGT1_b72_V5,1008,,,,,,,,,,,,,,,,,,,,,,,,,,,,,,,,,,,,,,,,,,,,,,,,,,,,,,,,,,,,,,,,,,,,,,,,,,,,,,,,,,,,,,,,,,,,,,,,,,,,,,,,,,,,,,,,,,,,,,,,,,,,,,,,,,,,,,,,,,,,,,,,,,,,,,,,,,,,,,,,,,,,,,,,,,,,,,,,,,,,,,,,,,,,,,,,,,,,,,,,,,,,,,,,,,,,,,,,,,,,,,,,,,,,,,,,,,,,,195.0,90,2.73370217654778,90,,,102.0,556,1.26305810407379,556,,,,,,,,,,,,,,,,,,,29.3847566574839,105,-0.921509893422294,105,,,,,,,,,,,,,,,,,,,,,,,,,,,,,,,,,,,,,,,,,,,,,,,,,,
,,AxiomGT1_b30_V2P2,1005,,,,,,,,,,,,,,,,,,,,,,,,,,,,,,,,,,,,,,,,,,,,,,,,,,,,,,,,,,,,,,,,,,,,,,,,,,,,,,,,,,,,,,,,,,,,,,,,,,,,,,,,,,,,,,,,,,,,,,,,,,,,,,,,,,,,,,,,,,,,,,,,,,,,,,,,,,,,,,,,,,,,,,,,,,,,,,,,,,,,,,,,,,,,,,,,,,,,,,,,,,,,,,,,,,,,,,,,,,,,,,,,,,,,,,,,,,,,,196.0,77,2.86537488912443,77,,,54.0,554,-1.73444528851838,554,,,,,,,,,,,,,,,,,,,22.8571428571429,105,0.534814745443933,105,,,,,,,,,,,,,,,,,,,,,,,,,,,,,,,,,,,,,,,,,,,,,,,,,,
,,AxiomGT1_b48_V2,1001,,,,,,,,,,,,,,,,,,,,,,,,,,,,,,,,,,,,,,,,,,,,,,,,,,,,,,,,,,,,,,,,,,,,,,,,,,,,,,,,,,,,,,,,,,,,,,,,,,,,,,,,,,,,,,,,,,,,,,,,,,,,,,,,,,,,,,,,,,,,,,,,,,,,,,,,,,,,,,,,,,,,,,,,,,,,,,,,,,,,,,,,,,,,,,,,,,,,,,,,,,,,,,,,,,,,,,,,,,,,,,,,,,,,,,,,,,,,,List truncated...,,List truncated...,,,,52.0,499,-1.91019189167426,499,,,,,,,,,,,,,,,,,,,30.8641975308642,103,-0.716434062918364,102,,,,,,,,,,,,,,,,,,,,,,,,,,,,,,,,,,,,,,,,,,,,,,,,,,
,,AxiomGT1_b50_V2,1000,,,,,,,,,,,,,,,,,,,,,,,,,,,,,,,,,,,,,,,,,,,,,,,,,,,,,,,,,,,,,,,,,,,,,,,,,,,,,,,,,,,,,,,,,,,,,,,,,,,,,,,,,,,,,,,,,,,,,,,,,,,,,,,,,,,,,,,,,,,,,,,,,,,,,,,,,,,,,,,,,,,,,,,,,,,,,,,,,,,,,,,,,,,,,,,,,,,,,,,,,,,,,,,,,,,,,,,,,,,,,,,,,,,,,,,,,,,,,,,,,,,99.0,486,1.12503628220086,486,,,,,,,,,,,,,,,,,,,25.9106843468983,102,-0.293968237804541,102,,,,,,,,,,,,,,,,,,,,,,,,,,,,,,,,,,,,,,,,,,,,,,,,,,
,,AxiomGT1_b38_V2,996,,,,,,,,,,,,,,,,,,,,,,,,,,,,,,,,,,,,,,,,,,,,,,,,,,,,,,,,,,,,,,,,,,,,,,,,,,,,,,,,,,,,,,,,,,,,,,,,,,,,,,,,,,,,,,,,,,,,,,,,,,,,,,,,,,,,,,,,,,,,,,,,,,,,,,,,,,,,,,,,,,,,,,,,,,,,,,,,,,,,,,,,,,,,,,,,,,,,,,,,,,,,,,,,,,,,,,,,,,,,,,,,,,,,,,,,,,,,,,,,,,,104.0,456,1.33817988756322,456,,,,,,,,,,,,,,,,,,,23.6244474927603,102,-0.68421192092748,102,,,,,,,,,,,,,,,,,,,,,,,,,,,,,,,,,,,,,,,,,,,,,,,,,,
,,AxiomGT1_b28_V2P2,996,,,,,,,,,,,,,,,,,,,,,,,,,,,,,,,,,,,,,,,,,,,,,,,,,,,,,,,,,,,,,,,,,,,,,,,,,,,,,,,,,,,,,,,,,,,,,,,,,,,,,,,,,,,,,,,,,,,,,,,,,,,,,,,,,,,,,,,,,,,,,,,,,,,,,,,,,,,,,,,,,,,,,,,,,,,,,,,,,,,,,,,,,,,,,,,,,,,,,,,,,,,,,,,,,,,,,,,,,,,,,,,,,,,,,,,,,,,,,,,,,,,103.0,430,1.30151665856931,430,,,,,,,,,,,,,,,,,,,23.7386621315193,102,-0.155764835420124,102,,,,,,,,,,,,,,,,,,,,,,,,,,,,,,,,,,,,,,,,,,,,,,,,,,
,,AxiomGT1_b36_V2,995,,,,,,,,,,,,,,,,,,,,,,,,,,,,,,,,,,,,,,,,,,,,,,,,,,,,,,,,,,,,,,,,,,,,,,,,,,,,,,,,,,,,,,,,,,,,,,,,,,,,,,,,,,,,,,,,,,,,,,,,,,,,,,,,,,,,,,,,,,,,,,,,,,,,,,,,,,,,,,,,,,,,,,,,,,,,,,,,,,,,,,,,,,,,,,,,,,,,,,,,,,,,,,,,,,,,,,,,,,,,,,,,,,,,,,,,,,,,,,,,,,,53.0,426,-1.82110190660425,426,,,,,,,,,,,,,,,,,,,25.3086419753086,102,-0.226001613589677,101,,,,,,,,,,,,,,,,,,,,,,,,,,,,,,,,,,,,,,,,,,,,,,,,,,
,,AxiomGT1_b40_V2,993,,,,,,,,,,,,,,,,,,,,,,,,,,,,,,,,,,,,,,,,,,,,,,,,,,,,,,,,,,,,,,,,,,,,,,,,,,,,,,,,,,,,,,,,,,,,,,,,,,,,,,,,,,,,,,,,,,,,,,,,,,,,,,,,,,,,,,,,,,,,,,,,,,,,,,,,,,,,,,,,,,,,,,,,,,,,,,,,,,,,,,,,,,,,,,,,,,,,,,,,,,,,,,,,,,,,,,,,,,,,,,,,,,,,,,,,,,,,,,,,,,,106.0,368,1.42677788394073,368,,,,,,,,,,,,,,,,,,,25.6055363321799,101,-0.0322603144255115,100,,,,,,,,,,,,,,,,,,,,,,,,,,,,,,,,,,,,,,,,,,,,,,,,,,
,,AxiomGT1_b05_V4,991,,,,,,,,,,,,,,,,,,,,,,,,,,,,,,,,,,,,,,,,,,,,,,,,,,,,,,,,,,,,,,,,,,,,,,,,,,,,,,,,,,,,,,,,,,,,,,,,,,,,,,,,,,,,,,,,,,,,,,,,,,,,,,,,,,,,,,,,,,,,,,,,,,,,,,,,,,,,,,,,,,,,,,,,,,,,,,,,,,,,,,,,,,,,,,,,,,,,,,,,,,,,,,,,,,,,,,,,,,,,,,,,,,,,,,,,,,,,,,,,,,,108.0,365,1.496340953332,365,,,,,,,,,,,,,,,,,,,26.4721074380165,100,-0.56547511149351,100,,,,,,,,,,,,,,,,,,,,,,,,,,,,,,,,,,,,,,,,,,,,,,,,,,
,,AxiomGT1_b73_V5,990,,,,,,,,,,,,,,,,,,,,,,,,,,,,,,,,,,,,,,,,,,,,,,,,,,,,,,,,,,,,,,,,,,,,,,,,,,,,,,,,,,,,,,,,,,,,,,,,,,,,,,,,,,,,,,,,,,,,,,,,,,,,,,,,,,,,,,,,,,,,,,,,,,,,,,,,,,,,,,,,,,,,,,,,,,,,,,,,,,,,,,,,,,,,,,,,,,,,,,,,,,,,,,,,,,,,,,,,,,,,,,,,,,,,,,,,,,,,,,,,,,,101.0,343,1.23015424459047,343,,,,,,,,,,,,,,,,,,,25.013520822066,100,-0.36260293925554,100,,,,,,,,,,,,,,,,,,,,,,,,,,,,,,,,,,,,,,,,,,,,,,,,,,
,,AxiomGT1_b65_V5,990,,,,,,,,,,,,,,,,,,,,,,,,,,,,,,,,,,,,,,,,,,,,,,,,,,,,,,,,,,,,,,,,,,,,,,,,,,,,,,,,,,,,,,,,,,,,,,,,,,,,,,,,,,,,,,,,,,,,,,,,,,,,,,,,,,,,,,,,,,,,,,,,,,,,,,,,,,,,,,,,,,,,,,,,,,,,,,,,,,,,,,,,,,,,,,,,,,,,,,,,,,,,,,,,,,,,,,,,,,,,,,,,,,,,,,,,,,,,,,,,,,,50.0,331,-2.07987701985683,331,,,,,,,,,,,,,,,,,,,24.21875,100,-1.14172630005802,99,,,,,,,,,,,,,,,,,,,,,,,,,,,,,,,,,,,,,,,,,,,,,,,,,,
,,AxiomGT1_b15_V4,982,,,,,,,,,,,,,,,,,,,,,,,,,,,,,,,,,,,,,,,,,,,,,,,,,,,,,,,,,,,,,,,,,,,,,,,,,,,,,,,,,,,,,,,,,,,,,,,,,,,,,,,,,,,,,,,,,,,,,,,,,,,,,,,,,,,,,,,,,,,,,,,,,,,,,,,,,,,,,,,,,,,,,,,,,,,,,,,,,,,,,,,,,,,,,,,,,,,,,,,,,,,,,,,,,,,,,,,,,,,,,,,,,,,,,,,,,,,,,,,,,,,115.0,322,1.75487945819573,322,,,,,,,,,,,,,,,,,,,22.3081499107674,99,-0.0373212835032016,99,,,,,,,,,,,,,,,,,,,,,,,,,,,,,,,,,,,,,,,,,,,,,,,,,,
,,AxiomGT1_b75_V5,981,,,,,,,,,,,,,,,,,,,,,,,,,,,,,,,,,,,,,,,,,,,,,,,,,,,,,,,,,,,,,,,,,,,,,,,,,,,,,,,,,,,,,,,,,,,,,,,,,,,,,,,,,,,,,,,,,,,,,,,,,,,,,,,,,,,,,,,,,,,,,,,,,,,,,,,,,,,,,,,,,,,,,,,,,,,,,,,,,,,,,,,,,,,,,,,,,,,,,,,,,,,,,,,,,,,,,,,,,,,,,,,,,,,,,,,,,,,,,,,,,,,107.0,321,1.46072287392478,321,,,,,,,,,,,,,,,,,,,26.4462809917355,99,-0.459865108149194,99,,,,,,,,,,,,,,,,,,,,,,,,,,,,,,,,,,,,,,,,,,,,,,,,,,
,,AxiomGT1_b16_V4,981,,,,,,,,,,,,,,,,,,,,,,,,,,,,,,,,,,,,,,,,,,,,,,,,,,,,,,,,,,,,,,,,,,,,,,,,,,,,,,,,,,,,,,,,,,,,,,,,,,,,,,,,,,,,,,,,,,,,,,,,,,,,,,,,,,,,,,,,,,,,,,,,,,,,,,,,,,,,,,,,,,,,,,,,,,,,,,,,,,,,,,,,,,,,,,,,,,,,,,,,,,,,,,,,,,,,,,,,,,,,,,,,,,,,,,,,,,,,,,,,,,,120.0,285,1.93001817559443,285,,,,,,,,,,,,,,,,,,,22.038567493113,99,-1.07186960407739,99,,,,,,,,,,,,,,,,,,,,,,,,,,,,,,,,,,,,,,,,,,,,,,,,,,
,,AxiomGT1_b53_V3,980,,,,,,,,,,,,,,,,,,,,,,,,,,,,,,,,,,,,,,,,,,,,,,,,,,,,,,,,,,,,,,,,,,,,,,,,,,,,,,,,,,,,,,,,,,,,,,,,,,,,,,,,,,,,,,,,,,,,,,,,,,,,,,,,,,,,,,,,,,,,,,,,,,,,,,,,,,,,,,,,,,,,,,,,,,,,,,,,,,,,,,,,,,,,,,,,,,,,,,,,,,,,,,,,,,,,,,,,,,,,,,,,,,,,,,,,,,,,,,,,,,,51.0,283,-1.99521648389307,283,,,,,,,,,,,,,,,,,,,24.6181037747759,99,-0.326072776980217,98,,,,,,,,,,,,,,,,,,,,,,,,,,,,,,,,,,,,,,,,,,,,,,,,,,
,,AxiomGT1_b23_V4,979,,,,,,,,,,,,,,,,,,,,,,,,,,,,,,,,,,,,,,,,,,,,,,,,,,,,,,,,,,,,,,,,,,,,,,,,,,,,,,,,,,,,,,,,,,,,,,,,,,,,,,,,,,,,,,,,,,,,,,,,,,,,,,,,,,,,,,,,,,,,,,,,,,,,,,,,,,,,,,,,,,,,,,,,,,,,,,,,,,,,,,,,,,,,,,,,,,,,,,,,,,,,,,,,,,,,,,,,,,,,,,,,,,,,,,,,,,,,,,,,,,,112.0,251,1.65439886340533,251,,,,,,,,,,,,,,,,,,,25.0995015956112,98,-0.345924885707986,98,,,,,,,,,,,,,,,,,,,,,,,,,,,,,,,,,,,,,,,,,,,,,,,,,,
,,AxiomGT1_b33_V2,977,,,,,,,,,,,,,,,,,,,,,,,,,,,,,,,,,,,,,,,,,,,,,,,,,,,,,,,,,,,,,,,,,,,,,,,,,,,,,,,,,,,,,,,,,,,,,,,,,,,,,,,,,,,,,,,,,,,,,,,,,,,,,,,,,,,,,,,,,,,,,,,,,,,,,,,,,,,,,,,,,,,,,,,,,,,,,,,,,,,,,,,,,,,,,,,,,,,,,,,,,,,,,,,,,,,,,,,,,,,,,,,,,,,,,,,,,,,,,,,,,,,109.0,241,1.52902253867476,241,,,,,,,,,,,,,,,,,,,25.1807851239669,98,0.479876063611115,98,,,,,,,,,,,,,,,,,,,,,,,,,,,,,,,,,,,,,,,,,,,,,,,,,,
,,AxiomGT1_b22_V4,977,,,,,,,,,,,,,,,,,,,,,,,,,,,,,,,,,,,,,,,,,,,,,,,,,,,,,,,,,,,,,,,,,,,,,,,,,,,,,,,,,,,,,,,,,,,,,,,,,,,,,,,,,,,,,,,,,,,,,,,,,,,,,,,,,,,,,,,,,,,,,,,,,,,,,,,,,,,,,,,,,,,,,,,,,,,,,,,,,,,,,,,,,,,,,,,,,,,,,,,,,,,,,,,,,,,,,,,,,,,,,,,,,,,,,,,,,,,,,,,,,,,114.0,209,1.71278957674313,209,,,,,,,,,,,,,,,,,,,29.0547520661157,98,-0.422829730907943,97,,,,,,,,,,,,,,,,,,,,,,,,,,,,,,,,,,,,,,,,,,,,,,,,,,
,,AxiomGT1_b49_V2,976,,,,,,,,,,,,,,,,,,,,,,,,,,,,,,,,,,,,,,,,,,,,,,,,,,,,,,,,,,,,,,,,,,,,,,,,,,,,,,,,,,,,,,,,,,,,,,,,,,,,,,,,,,,,,,,,,,,,,,,,,,,,,,,,,,,,,,,,,,,,,,,,,,,,,,,,,,,,,,,,,,,,,,,,,,,,,,,,,,,,,,,,,,,,,,,,,,,,,,,,,,,,,,,,,,,,,,,,,,,,,,,,,,,,,,,,,,,,,,,,,,,111.0,201,1.62616421341039,201,,,,,,,,,,,,,,,,,,,26.218820861678,97,-0.0887710147705393,97,,,,,,,,,,,,,,,,,,,,,,,,,,,,,,,,,,,,,,,,,,,,,,,,,,
,,AxiomGT1_b44_V2,976,,,,,,,,,,,,,,,,,,,,,,,,,,,,,,,,,,,,,,,,,,,,,,,,,,,,,,,,,,,,,,,,,,,,,,,,,,,,,,,,,,,,,,,,,,,,,,,,,,,,,,,,,,,,,,,,,,,,,,,,,,,,,,,,,,,,,,,,,,,,,,,,,,,,,,,,,,,,,,,,,,,,,,,,,,,,,,,,,,,,,,,,,,,,,,,,,,,,,,,,,,,,,,,,,,,,,,,,,,,,,,,,,,,,,,,,,,,,,,,,,,,118.0,188,1.85578476528193,188,,,,,,,,,,,,,,,,,,,24.7720967102656,97,-1.16597316361722,97,,,,,,,,,,,,,,,,,,,,,,,,,,,,,,,,,,,,,,,,,,,,,,,,,,
,,AxiomGT1_b17_V4,973,,,,,,,,,,,,,,,,,,,,,,,,,,,,,,,,,,,,,,,,,,,,,,,,,,,,,,,,,,,,,,,,,,,,,,,,,,,,,,,,,,,,,,,,,,,,,,,,,,,,,,,,,,,,,,,,,,,,,,,,,,,,,,,,,,,,,,,,,,,,,,,,,,,,,,,,,,,,,,,,,,,,,,,,,,,,,,,,,,,,,,,,,,,,,,,,,,,,,,,,,,,,,,,,,,,,,,,,,,,,,,,,,,,,,,,,,,,,,,,,,,,125.0,176,2.08947034973847,176,,,,,,,,,,,,,,,,,,,21.9671201814059,97,0.0228426039462313,96,,,,,,,,,,,,,,,,,,,,,,,,,,,,,,,,,,,,,,,,,,,,,,,,,,
,,AxiomGT1_b14_V4,969,,,,,,,,,,,,,,,,,,,,,,,,,,,,,,,,,,,,,,,,,,,,,,,,,,,,,,,,,,,,,,,,,,,,,,,,,,,,,,,,,,,,,,,,,,,,,,,,,,,,,,,,,,,,,,,,,,,,,,,,,,,,,,,,,,,,,,,,,,,,,,,,,,,,,,,,,,,,,,,,,,,,,,,,,,,,,,,,,,,,,,,,,,,,,,,,,,,,,,,,,,,,,,,,,,,,,,,,,,,,,,,,,,,,,,,,,,,,,,,,,,,116.0,169,1.79672991017535,169,,,,,,,,,,,,,,,,,,,25.469387755102,96,-0.206279805923421,96,,,,,,,,,,,,,,,,,,,,,,,,,,,,,,,,,,,,,,,,,,,,,,,,,,
,,AxiomGT1_b52_V2,962,,,,,,,,,,,,,,,,,,,,,,,,,,,,,,,,,,,,,,,,,,,,,,,,,,,,,,,,,,,,,,,,,,,,,,,,,,,,,,,,,,,,,,,,,,,,,,,,,,,,,,,,,,,,,,,,,,,,,,,,,,,,,,,,,,,,,,,,,,,,,,,,,,,,,,,,,,,,,,,,,,,,,,,,,,,,,,,,,,,,,,,,,,,,,,,,,,,,,,,,,,,,,,,,,,,,,,,,,,,,,,,,,,,,,,,,,,,,,,,,,,,113.0,160,1.68418885637906,160,,,,,,,,,,,,,,,,,,,26.7299274950717,96,0.369875046969088,96,,,,,,,,,,,,,,,,,,,,,,,,,,,,,,,,,,,,,,,,,,,,,,,,,,
,,AxiomGT1_b67_V5,962,,,,,,,,,,,,,,,,,,,,,,,,,,,,,,,,,,,,,,,,,,,,,,,,,,,,,,,,,,,,,,,,,,,,,,,,,,,,,,,,,,,,,,,,,,,,,,,,,,,,,,,,,,,,,,,,,,,,,,,,,,,,,,,,,,,,,,,,,,,,,,,,,,,,,,,,,,,,,,,,,,,,,,,,,,,,,,,,,,,,,,,,,,,,,,,,,,,,,,,,,,,,,,,,,,,,,,,,,,,,,,,,,,,,,,,,,,,,,,,,,,,48.0,156,-2.21774109312244,156,,,,,,,,,,,,,,,,,,,26.5118040651433,96,-0.0240626755861787,96,,,,,,,,,,,,,,,,,,,,,,,,,,,,,,,,,,,,,,,,,,,,,,,,,,
,,AxiomGT1_b20_V4,953,,,,,,,,,,,,,,,,,,,,,,,,,,,,,,,,,,,,,,,,,,,,,,,,,,,,,,,,,,,,,,,,,,,,,,,,,,,,,,,,,,,,,,,,,,,,,,,,,,,,,,,,,,,,,,,,,,,,,,,,,,,,,,,,,,,,,,,,,,,,,,,,,,,,,,,,,,,,,,,,,,,,,,,,,,,,,,,,,,,,,,,,,,,,,,,,,,,,,,,,,,,,,,,,,,,,,,,,,,,,,,,,,,,,,,,,,,,,,,,,,,,130.0,147,2.24381389620983,147,,,,,,,,,,,,,,,,,,,22.5827091723437,96,-0.255180878438016,96,,,,,,,,,,,,,,,,,,,,,,,,,,,,,,,,,,,,,,,,,,,,,,,,,,
,,AxiomGT1_b57_V3,952,,,,,,,,,,,,,,,,,,,,,,,,,,,,,,,,,,,,,,,,,,,,,,,,,,,,,,,,,,,,,,,,,,,,,,,,,,,,,,,,,,,,,,,,,,,,,,,,,,,,,,,,,,,,,,,,,,,,,,,,,,,,,,,,,,,,,,,,,,,,,,,,,,,,,,,,,,,,,,,,,,,,,,,,,,,,,,,,,,,,,,,,,,,,,,,,,,,,,,,,,,,,,,,,,,,,,,,,,,,,,,,,,,,,,,,,,,,,,,,,,,,117.0,135,1.82518140350086,135,,,,,,,,,,,,,,,,,,,25.6895619253651,96,-0.997602444511,96,,,,,,,,,,,,,,,,,,,,,,,,,,,,,,,,,,,,,,,,,,,,,,,,,,
,,AxiomGT1_b42_V2,950,,,,,,,,,,,,,,,,,,,,,,,,,,,,,,,,,,,,,,,,,,,,,,,,,,,,,,,,,,,,,,,,,,,,,,,,,,,,,,,,,,,,,,,,,,,,,,,,,,,,,,,,,,,,,,,,,,,,,,,,,,,,,,,,,,,,,,,,,,,,,,,,,,,,,,,,,,,,,,,,,,,,,,,,,,,,,,,,,,,,,,,,,,,,,,,,,,,,,,,,,,,,,,,,,,,,,,,,,,,,,,,,,,,,,,,,,,,,,,,,,,,49.0,127,-2.15939886692918,127,,,,,,,,,,,,,,,,,,,28.4055043555107,96,-0.0670981226066988,96,,,,,,,,,,,,,,,,,,,,,,,,,,,,,,,,,,,,,,,,,,,,,,,,,,
,,AxiomGT1_b58_V3,950,,,,,,,,,,,,,,,,,,,,,,,,,,,,,,,,,,,,,,,,,,,,,,,,,,,,,,,,,,,,,,,,,,,,,,,,,,,,,,,,,,,,,,,,,,,,,,,,,,,,,,,,,,,,,,,,,,,,,,,,,,,,,,,,,,,,,,,,,,,,,,,,,,,,,,,,,,,,,,,,,,,,,,,,,,,,,,,,,,,,,,,,,,,,,,,,,,,,,,,,,,,,,,,,,,,,,,,,,,,,,,,,,,,,,,,,,,,,,,,,,,,47.0,112,-2.2758463099161,112,,,,,,,,,,,,,,,,,,,26.2975778546713,96,-0.267768373617273,95,,,,,,,,,,,,,,,,,,,,,,,,,,,,,,,,,,,,,,,,,,,,,,,,,,
,,AxiomGT1_b13_V4,950,,,,,,,,,,,,,,,,,,,,,,,,,,,,,,,,,,,,,,,,,,,,,,,,,,,,,,,,,,,,,,,,,,,,,,,,,,,,,,,,,,,,,,,,,,,,,,,,,,,,,,,,,,,,,,,,,,,,,,,,,,,,,,,,,,,,,,,,,,,,,,,,,,,,,,,,,,,,,,,,,,,,,,,,,,,,,,,,,,,,,,,,,,,,,,,,,,,,,,,,,,,,,,,,,,,,,,,,,,,,,,,,,,,,,,,,,,,,,,,,,,,122.0,101,2.00135852650109,101,,,,,,,,,,,,,,,,,,,26.3656030286641,95,-0.24293440412552,95,,,,,,,,,,,,,,,,,,,,,,,,,,,,,,,,,,,,,,,,,,,,,,,,,,
,,AxiomGT1_b21_V4,946,,,,,,,,,,,,,,,,,,,,,,,,,,,,,,,,,,,,,,,,,,,,,,,,,,,,,,,,,,,,,,,,,,,,,,,,,,,,,,,,,,,,,,,,,,,,,,,,,,,,,,,,,,,,,,,,,,,,,,,,,,,,,,,,,,,,,,,,,,,,,,,,,,,,,,,,,,,,,,,,,,,,,,,,,,,,,,,,,,,,,,,,,,,,,,,,,,,,,,,,,,,,,,,,,,,,,,,,,,,,,,,,,,,,,,,,,,,,,,,,,,,119.0,96,1.88435525967468,96,,,,,,,,,,,,,,,,,,,25.5296448712087,95,-0.0524774367782112,95,,,,,,,,,,,,,,,,,,,,,,,,,,,,,,,,,,,,,,,,,,,,,,,,,,
,,AxiomGT1_b26_V2P2,936,,,,,,,,,,,,,,,,,,,,,,,,,,,,,,,,,,,,,,,,,,,,,,,,,,,,,,,,,,,,,,,,,,,,,,,,,,,,,,,,,,,,,,,,,,,,,,,,,,,,,,,,,,,,,,,,,,,,,,,,,,,,,,,,,,,,,,,,,,,,,,,,,,,,,,,,,,,,,,,,,,,,,,,,,,,,,,,,,,,,,,,,,,,,,,,,,,,,,,,,,,,,,,,,,,,,,,,,,,,,,,,,,,,,,,,,,,,,,,,,,,,124.0,96,2.05211592044857,96,,,,,,,,,,,,,,,,,,,25.4028160836116,95,-0.782342268833243,94,,,,,,,,,,,,,,,,,,,,,,,,,,,,,,,,,,,,,,,,,,,,,,,,,,
,,AxiomGT1_b64_V3,936,,,,,,,,,,,,,,,,,,,,,,,,,,,,,,,,,,,,,,,,,,,,,,,,,,,,,,,,,,,,,,,,,,,,,,,,,,,,,,,,,,,,,,,,,,,,,,,,,,,,,,,,,,,,,,,,,,,,,,,,,,,,,,,,,,,,,,,,,,,,,,,,,,,,,,,,,,,,,,,,,,,,,,,,,,,,,,,,,,,,,,,,,,,,,,,,,,,,,,,,,,,,,,,,,,,,,,,,,,,,,,,,,,,,,,,,,,,,,,,,,,,123.0,91,2.02700087590361,91,,,,,,,,,,,,,,,,,,,22.8623685413809,94,0.0286418116105116,94,,,,,,,,,,,,,,,,,,,,,,,,,,,,,,,,,,,,,,,,,,,,,,,,,,
,,AxiomGT1_b24_V4,936,,,,,,,,,,,,,,,,,,,,,,,,,,,,,,,,,,,,,,,,,,,,,,,,,,,,,,,,,,,,,,,,,,,,,,,,,,,,,,,,,,,,,,,,,,,,,,,,,,,,,,,,,,,,,,,,,,,,,,,,,,,,,,,,,,,,,,,,,,,,,,,,,,,,,,,,,,,,,,,,,,,,,,,,,,,,,,,,,,,,,,,,,,,,,,,,,,,,,,,,,,,,,,,,,,,,,,,,,,,,,,,,,,,,,,,,,,,,,,,,,,,121.0,88,1.97716352272035,88,,,,,,,,,,,,,,,,,,,26.7697798929209,94,-0.91611571250017,94,,,,,,,,,,,,,,,,,,,,,,,,,,,,,,,,,,,,,,,,,,,,,,,,,,
,,AxiomGT1_b07_V4,934,,,,,,,,,,,,,,,,,,,,,,,,,,,,,,,,,,,,,,,,,,,,,,,,,,,,,,,,,,,,,,,,,,,,,,,,,,,,,,,,,,,,,,,,,,,,,,,,,,,,,,,,,,,,,,,,,,,,,,,,,,,,,,,,,,,,,,,,,,,,,,,,,,,,,,,,,,,,,,,,,,,,,,,,,,,,,,,,,,,,,,,,,,,,,,,,,,,,,,,,,,,,,,,,,,,,,,,,,,,,,,,,,,,,,,,,,,,,,,,,,,,126.0,86,2.12794619436897,86,,,,,,,,,,,,,,,,,,,23.3843537414966,94,0.396401967809283,93,,,,,,,,,,,,,,,,,,,,,,,,,,,,,,,,,,,,,,,,,,,,,,,,,,
,,AxiomGT1_b19_V4,931,,,,,,,,,,,,,,,,,,,,,,,,,,,,,,,,,,,,,,,,,,,,,,,,,,,,,,,,,,,,,,,,,,,,,,,,,,,,,,,,,,,,,,,,,,,,,,,,,,,,,,,,,,,,,,,,,,,,,,,,,,,,,,,,,,,,,,,,,,,,,,,,,,,,,,,,,,,,,,,,,,,,,,,,,,,,,,,,,,,,,,,,,,,,,,,,,,,,,,,,,,,,,,,,,,,,,,,,,,,,,,,,,,,,,,,,,,,,,,,,,,,46.0,86,-2.32301263664568,86,,,,,,,,,,,,,,,,,,,28.6501377410468,93,-0.11880047192947,93,,,,,,,,,,,,,,,,,,,,,,,,,,,,,,,,,,,,,,,,,,,,,,,,,,
,,AxiomGT1_b56_V3,902,,,,,,,,,,,,,,,,,,,,,,,,,,,,,,,,,,,,,,,,,,,,,,,,,,,,,,,,,,,,,,,,,,,,,,,,,,,,,,,,,,,,,,,,,,,,,,,,,,,,,,,,,,,,,,,,,,,,,,,,,,,,,,,,,,,,,,,,,,,,,,,,,,,,,,,,,,,,,,,,,,,,,,,,,,,,,,,,,,,,,,,,,,,,,,,,,,,,,,,,,,,,,,,,,,,,,,,,,,,,,,,,,,,,,,,,,,,,,,,,,,,128.0,80,2.18025997112871,80,,,,,,,,,,,,,,,,,,,26.0616793076949,93,-0.831370957931856,92,,,,,,,,,,,,,,,,,,,,,,,,,,,,,,,,,,,,,,,,,,,,,,,,,,
,,DS26_DIREVA_norm,884,,,,,,,,,,,,,,,,,,,,,,,,,,,,,,,,,,,,,,,,,,,,,,,,,,,,,,,,,,,,,,,,,,,,,,,,,,,,,,,,,,,,,,,,,,,,,,,,,,,,,,,,,,,,,,,,,,,,,,,,,,,,,,,,,,,,,,,,,,,,,,,,,,,,,,,,,,,,,,,,,,,,,,,,,,,,,,,,,,,,,,,,,,,,,,,,,,,,,,,,,,,,,,,,,,,,,,,,,,,,,,,,,,,,,,,,,,,,,,,,,,,45.0,73,-2.3658839916482,73,,,,,,,,,,,,,,,,,,,23.1833910034602,92,-0.602183207146951,92,,,,,,,,,,,,,,,,,,,,,,,,,,,,,,,,,,,,,,,,,,,,,,,,,,
,,AxiomGT1_b18_V4,879,,,,,,,,,,,,,,,,,,,,,,,,,,,,,,,,,,,,,,,,,,,,,,,,,,,,,,,,,,,,,,,,,,,,,,,,,,,,,,,,,,,,,,,,,,,,,,,,,,,,,,,,,,,,,,,,,,,,,,,,,,,,,,,,,,,,,,,,,,,,,,,,,,,,,,,,,,,,,,,,,,,,,,,,,,,,,,,,,,,,,,,,,,,,,,,,,,,,,,,,,,,,,,,,,,,,,,,,,,,,,,,,,,,,,,,,,,,,,,,,,,,44.0,72,-2.40396058855412,72,,,,,,,,,,,,,,,,,,,24.0740740740741,92,0.53894874927044,92,,,,,,,,,,,,,,,,,,,,,,,,,,,,,,,,,,,,,,,,,,,,,,,,,,
,,AxiomGT1_b81_V5,875,,,,,,,,,,,,,,,,,,,,,,,,,,,,,,,,,,,,,,,,,,,,,,,,,,,,,,,,,,,,,,,,,,,,,,,,,,,,,,,,,,,,,,,,,,,,,,,,,,,,,,,,,,,,,,,,,,,,,,,,,,,,,,,,,,,,,,,,,,,,,,,,,,,,,,,,,,,,,,,,,,,,,,,,,,,,,,,,,,,,,,,,,,,,,,,,,,,,,,,,,,,,,,,,,,,,,,,,,,,,,,,,,,,,,,,,,,,,,,,,,,,135.0,72,2.38548020717092,72,,,,,,,,,,,,,,,,,,,29.3877551020408,92,-0.507336137099393,92,,,,,,,,,,,,,,,,,,,,,,,,,,,,,,,,,,,,,,,,,,,,,,,,,,
,,DS10_FINRISK_Palotie_norm,865,,,,,,,,,,,,,,,,,,,,,,,,,,,,,,,,,,,,,,,,,,,,,,,,,,,,,,,,,,,,,,,,,,,,,,,,,,,,,,,,,,,,,,,,,,,,,,,,,,,,,,,,,,,,,,,,,,,,,,,,,,,,,,,,,,,,,,,,,,,,,,,,,,,,,,,,,,,,,,,,,,,,,,,,,,,,,,,,,,,,,,,,,,,,,,,,,,,,,,,,,,,,,,,,,,,,,,,,,,,,,,,,,,,,,,,,,,,,,,,,,,,140.0,71,2.51580227429281,71,,,,,,,,,,,,,,,,,,,24.441802087462,92,-1.36024176899219,91,,,,,,,,,,,,,,,,,,,,,,,,,,,,,,,,,,,,,,,,,,,,,,,,,,
,,DS23_TWINS_2_norm,854,,,,,,,,,,,,,,,,,,,,,,,,,,,,,,,,,,,,,,,,,,,,,,,,,,,,,,,,,,,,,,,,,,,,,,,,,,,,,,,,,,,,,,,,,,,,,,,,,,,,,,,,,,,,,,,,,,,,,,,,,,,,,,,,,,,,,,,,,,,,,,,,,,,,,,,,,,,,,,,,,,,,,,,,,,,,,,,,,,,,,,,,,,,,,,,,,,,,,,,,,,,,,,,,,,,,,,,,,,,,,,,,,,,,,,,,,,,,,,,,,,,127.0,60,2.15388201795309,60,,,,,,,,,,,,,,,,,,,21.2585034013605,91,-0.488130394734963,91,,,,,,,,,,,,,,,,,,,,,,,,,,,,,,,,,,,,,,,,,,,,,,,,,,
,,DS7_FINRISK_FR12_norm,816,,,,,,,,,,,,,,,,,,,,,,,,,,,,,,,,,,,,,,,,,,,,,,,,,,,,,,,,,,,,,,,,,,,,,,,,,,,,,,,,,,,,,,,,,,,,,,,,,,,,,,,,,,,,,,,,,,,,,,,,,,,,,,,,,,,,,,,,,,,,,,,,,,,,,,,,,,,,,,,,,,,,,,,,,,,,,,,,,,,,,,,,,,,,,,,,,,,,,,,,,,,,,,,,,,,,,,,,,,,,,,,,,,,,,,,,,,,,,,,,,,,134.0,55,2.35313611107494,55,,,,,,,,,,,,,,,,,,,24.5089457652043,91,-0.426499228559087,91,,,,,,,,,,,,,,,,,,,,,,,,,,,,,,,,,,,,,,,,,,,,,,,,,,
,,DS9_FINRISK_Mrpred_norm,693,,,,,,,,,,,,,,,,,,,,,,,,,,,,,,,,,,,,,,,,,,,,,,,,,,,,,,,,,,,,,,,,,,,,,,,,,,,,,,,,,,,,,,,,,,,,,,,,,,,,,,,,,,,,,,,,,,,,,,,,,,,,,,,,,,,,,,,,,,,,,,,,,,,,,,,,,,,,,,,,,,,,,,,,,,,,,,,,,,,,,,,,,,,,,,,,,,,,,,,,,,,,,,,,,,,,,,,,,,,,,,,,,,,,,,,,,,,,,,,,,,,150.0,54,2.75711066421747,54,,,,,,,,,,,,,,,,,,,24.7675659198293,91,0.170540638837732,90,,,,,,,,,,,,,,,,,,,,,,,,,,,,,,,,,,,,,,,,,,,,,,,,,,
,,DS3_COROGENE_Sanger_norm,582,,,,,,,,,,,,,,,,,,,,,,,,,,,,,,,,,,,,,,,,,,,,,,,,,,,,,,,,,,,,,,,,,,,,,,,,,,,,,,,,,,,,,,,,,,,,,,,,,,,,,,,,,,,,,,,,,,,,,,,,,,,,,,,,,,,,,,,,,,,,,,,,,,,,,,,,,,,,,,,,,,,,,,,,,,,,,,,,,,,,,,,,,,,,,,,,,,,,,,,,,,,,,,,,,,,,,,,,,,,,,,,,,,,,,,,,,,,,,,,,,,,List truncated...,,List truncated...,,,,,,,,,,,,,,,,,,,,27.4405991735537,90,-0.173451405101842,90,,,,,,,,,,,,,,,,,,,,,,,,,,,,,,,,,,,,,,,,,,,,,,,,,,
,,DS19_MIGRAINE_2_norm,568,,,,,,,,,,,,,,,,,,,,,,,,,,,,,,,,,,,,,,,,,,,,,,,,,,,,,,,,,,,,,,,,,,,,,,,,,,,,,,,,,,,,,,,,,,,,,,,,,,,,,,,,,,,,,,,,,,,,,,,,,,,,,,,,,,,,,,,,,,,,,,,,,,,,,,,,,,,,,,,,,,,,,,,,,,,,,,,,,,,,,,,,,,,,,,,,,,,,,,,,,,,,,,,,,,,,,,,,,,,,,,,,,,,,,,,,,,,,,,,,,,,,,,,,,,,,,,,,,,,,,,,,,25.8264462809917,90,-0.410297200094266,90,,,,,,,,,,,,,,,,,,,,,,,,,,,,,,,,,,,,,,,,,,,,,,,,,,
,,DS22_TWINS_1_norm,564,,,,,,,,,,,,,,,,,,,,,,,,,,,,,,,,,,,,,,,,,,,,,,,,,,,,,,,,,,,,,,,,,,,,,,,,,,,,,,,,,,,,,,,,,,,,,,,,,,,,,,,,,,,,,,,,,,,,,,,,,,,,,,,,,,,,,,,,,,,,,,,,,,,,,,,,,,,,,,,,,,,,,,,,,,,,,,,,,,,,,,,,,,,,,,,,,,,,,,,,,,,,,,,,,,,,,,,,,,,,,,,,,,,,,,,,,,,,,,,,,,,,,,,,,,,,,,,,,,,,,,,,,24.8163265306122,90,-0.503397893049593,89,,,,,,,,,,,,,,,,,,,,,,,,,,,,,,,,,,,,,,,,,,,,,,,,,,
,,DS21_SUPER_2_norm,555,,,,,,,,,,,,,,,,,,,,,,,,,,,,,,,,,,,,,,,,,,,,,,,,,,,,,,,,,,,,,,,,,,,,,,,,,,,,,,,,,,,,,,,,,,,,,,,,,,,,,,,,,,,,,,,,,,,,,,,,,,,,,,,,,,,,,,,,,,,,,,,,,,,,,,,,,,,,,,,,,,,,,,,,,,,,,,,,,,,,,,,,,,,,,,,,,,,,,,,,,,,,,,,,,,,,,,,,,,,,,,,,,,,,,,,,,,,,,,,,,,,,,,,,,,,,,,,,,,,,,,,,,23.1206235962479,89,-0.532099986560946,89,,,,,,,,,,,,,,,,,,,,,,,,,,,,,,,,,,,,,,,,,,,,,,,,,,
,,DS11_FINRISK_PredictCVD_COROGENE_Tarto_norm,522,,,,,,,,,,,,,,,,,,,,,,,,,,,,,,,,,,,,,,,,,,,,,,,,,,,,,,,,,,,,,,,,,,,,,,,,,,,,,,,,,,,,,,,,,,,,,,,,,,,,,,,,,,,,,,,,,,,,,,,,,,,,,,,,,,,,,,,,,,,,,,,,,,,,,,,,,,,,,,,,,,,,,,,,,,,,,,,,,,,,,,,,,,,,,,,,,,,,,,,,,,,,,,,,,,,,,,,,,,,,,,,,,,,,,,,,,,,,,,,,,,,,,,,,,,,,,,,,,,,,,,,,,24.4472789115646,89,-0.851439545796142,89,,,,,,,,,,,,,,,,,,,,,,,,,,,,,,,,,,,,,,,,,,,,,,,,,,
,,DS17_H2000_Genmets_norm,521,,,,,,,,,,,,,,,,,,,,,,,,,,,,,,,,,,,,,,,,,,,,,,,,,,,,,,,,,,,,,,,,,,,,,,,,,,,,,,,,,,,,,,,,,,,,,,,,,,,,,,,,,,,,,,,,,,,,,,,,,,,,,,,,,,,,,,,,,,,,,,,,,,,,,,,,,,,,,,,,,,,,,,,,,,,,,,,,,,,,,,,,,,,,,,,,,,,,,,,,,,,,,,,,,,,,,,,,,,,,,,,,,,,,,,,,,,,,,,,,,,,,,,,,,,,,,,,,,,,,,,,,,24.3374797187669,89,-0.518067208904577,88,,,,,,,,,,,,,,,,,,,,,,,,,,,,,,,,,,,,,,,,,,,,,,,,,,
,,DS24_SUPER_3_norm,498,,,,,,,,,,,,,,,,,,,,,,,,,,,,,,,,,,,,,,,,,,,,,,,,,,,,,,,,,,,,,,,,,,,,,,,,,,,,,,,,,,,,,,,,,,,,,,,,,,,,,,,,,,,,,,,,,,,,,,,,,,,,,,,,,,,,,,,,,,,,,,,,,,,,,,,,,,,,,,,,,,,,,,,,,,,,,,,,,,,,,,,,,,,,,,,,,,,,,,,,,,,,,,,,,,,,,,,,,,,,,,,,,,,,,,,,,,,,,,,,,,,,,,,,,,,,,,,,,,,,,,,,,24.3865264441396,88,0.349762271531845,88,,,,,,,,,,,,,,,,,,,,,,,,,,,,,,,,,,,,,,,,,,,,,,,,,,
,,DS4_FINRISK_Corogene_norm,453,,,,,,,,,,,,,,,,,,,,,,,,,,,,,,,,,,,,,,,,,,,,,,,,,,,,,,,,,,,,,,,,,,,,,,,,,,,,,,,,,,,,,,,,,,,,,,,,,,,,,,,,,,,,,,,,,,,,,,,,,,,,,,,,,,,,,,,,,,,,,,,,,,,,,,,,,,,,,,,,,,,,,,,,,,,,,,,,,,,,,,,,,,,,,,,,,,,,,,,,,,,,,,,,,,,,,,,,,,,,,,,,,,,,,,,,,,,,,,,,,,,,,,,,,,,,,,,,,,,,,,,,,28.3737024221453,88,-0.574094460736646,87,,,,,,,,,,,,,,,,,,,,,,,,,,,,,,,,,,,,,,,,,,,,,,,,,,
,,AxiomGT1_b12_V4,426,,,,,,,,,,,,,,,,,,,,,,,,,,,,,,,,,,,,,,,,,,,,,,,,,,,,,,,,,,,,,,,,,,,,,,,,,,,,,,,,,,,,,,,,,,,,,,,,,,,,,,,,,,,,,,,,,,,,,,,,,,,,,,,,,,,,,,,,,,,,,,,,,,,,,,,,,,,,,,,,,,,,,,,,,,,,,,,,,,,,,,,,,,,,,,,,,,,,,,,,,,,,,,,,,,,,,,,,,,,,,,,,,,,,,,,,,,,,,,,,,,,,,,,,,,,,,,,,,,,,,,,,,24.1671624033314,87,0.0972326813916197,86,,,,,,,,,,,,,,,,,,,,,,,,,,,,,,,,,,,,,,,,,,,,,,,,,,
